ip,asn,city,region,country,loc
125.211.207.212,"{'asn': 'AS4837', 'name': 'CHINA UNICOM China169 Backbone', 'domain': 'chinaunicom.cn', 'route': '125.211.0.0/16', 'type': 'isp'}",Harbin,Heilongjiang,CN,"45.7500,126.6500"
117.149.243.251,"{'asn': 'AS56041', 'name': 'China Mobile communications corporation', 'domain': 'chinamobile.com', 'route': '117.149.243.0/24', 'type': 'isp'}",Shanghai,Shanghai,CN,"31.2222,121.4581"
45.125.58.156,"{'asn': 'AS139007', 'name': 'UNICOM InnerMongolia province network', 'domain': 'hh.nm.cn', 'route': '45.125.58.0/24', 'type': 'isp'}",Beijing,Beijing,CN,"39.9075,116.3972"
203.135.96.103,"{'asn': 'AS58461', 'name': 'CT-HangZhou-IDC', 'domain': 'chinatelecom.cn', 'route': '203.135.96.0/21', 'type': 'hosting'}",Shaoxing,Zhejiang,CN,"30.0024,120.5786"
116.211.143.46,"{'asn': 'AS58563', 'name': 'CHINANET Hubei province network', 'domain': 'chinatelecom.cn', 'route': '116.211.140.0/22', 'type': 'isp'}",Wuhan,Hubei,CN,"30.5833,114.2667"
120.132.31.194,"{'asn': 'AS140292', 'name': 'CHINATELECOM Jiangsu province Suzhou 5G network', 'domain': 'chinatelecom.cn', 'route': '120.132.0.0/19', 'type': 'isp'}",Shanghai,Shanghai,CN,"31.2222,121.4581"
120.132.9.234,"{'asn': 'AS140292', 'name': 'CHINATELECOM Jiangsu province Suzhou 5G network', 'domain': 'chinatelecom.cn', 'route': '120.132.0.0/19', 'type': 'isp'}",Shanghai,Shanghai,CN,"31.2222,121.4581"
119.23.80.111,"{'asn': 'AS37963', 'name': 'Hangzhou Alibaba Advertising Co.,Ltd.', 'domain': 'alibabagroup.com', 'route': '119.23.0.0/17', 'type': 'business'}",Shenzhen,Guangdong,CN,"22.5455,114.0683"
210.16.180.107,"{'asn': 'AS4812', 'name': 'China Telecom (Group)', 'domain': 'chinatelecom.com.cn', 'route': '210.16.180.0/24', 'type': 'isp'}",Shanghai,Shanghai,CN,"31.2222,121.4581"
58.20.65.56,"{'asn': 'AS4837', 'name': 'CHINA UNICOM China169 Backbone', 'domain': 'chinaunicom.cn', 'route': '58.20.0.0/16', 'type': 'isp'}",Hunan,Fujian,CN,"25.9714,119.6457"
185.175.49.49,"{'asn': 'AS12708', 'name': 'TalkTalk Communications Limited', 'domain': 'talktalkplc.com', 'route': '185.175.48.0/22', 'type': 'isp'}",London,England,GB,"51.5085,-0.1257"
202.121.111.186,"{'asn': 'AS4538', 'name': 'China Education and Research Network Center', 'domain': 'cernet.edu.cn', 'route': '202.121.0.0/16', 'type': 'education'}",Shanghai,Shanghai,CN,"31.2222,121.4581"
181.94.244.165,"{'asn': 'AS27895', 'name': 'Núcleo S.A.', 'domain': 'personal.com.py', 'route': '181.94.244.0/22', 'type': 'isp'}",Asunción,Asunción,PY,"-25.2865,-57.6470"
76.76.2.48,"{'asn': 'AS398962', 'name': 'CONTROLD INC.', 'domain': 'controld.com', 'route': '76.76.2.0/24', 'type': 'isp'}",Toronto,Ontario,CA,"43.6404,-79.3995"
60.28.81.129,"{'asn': 'AS4837', 'name': 'CHINA UNICOM China169 Backbone', 'domain': 'chinaunicom.cn', 'route': '60.28.80.0/20', 'type': 'isp'}",Tianjin,Tianjin,CN,"39.1422,117.1767"
59.110.244.83,"{'asn': 'AS37963', 'name': 'Hangzhou Alibaba Advertising Co.,Ltd.', 'domain': 'alibabagroup.com', 'route': '59.110.128.0/17', 'type': 'business'}",Beijing,Beijing,CN,"39.9075,116.3972"
36.7.109.167,"{'asn': 'AS4134', 'name': 'CHINANET-BACKBONE', 'domain': 'chinatelecom.com.cn', 'route': '36.4.0.0/14', 'type': 'isp'}",Hefei,Anhui,CN,"31.8639,117.2808"
103.117.222.24,"{'asn': 'AS137788', 'name': 'Shanxi Beacon Cloudscape', 'domain': 'cnnic.cn', 'route': '103.117.220.0/22', 'type': 'business'}",Shanxi,Hunan,CN,"28.0317,110.9544"
103.45.121.150,"{'asn': 'AS63612', 'name': 'Shenzhen Qianhai bird cloud computing Co. Ltd.', 'domain': 'cnnic.cn', 'route': '103.45.121.0/24', 'type': 'hosting'}",Shenzhen,Guangdong,CN,"22.5455,114.0683"
43.248.136.71,"{'asn': 'AS23650', 'name': 'AS Number for CHINANET jiangsu province backbone', 'domain': 'rtat.net', 'route': '43.248.128.0/20', 'type': 'hosting'}",Nanjing,Jiangsu,CN,"32.0617,118.7778"
210.16.191.91,"{'asn': 'AS4811', 'name': 'China Telecom (Group)', 'domain': 'chinatelecom.com.cn', 'route': '210.16.190.0/23', 'type': 'isp'}",Shanghai,Shanghai,CN,"31.2222,121.4581"
123.6.102.120,"{'asn': 'AS4837', 'name': 'CHINA UNICOM China169 Backbone', 'domain': 'chinaunicom.cn', 'route': '123.4.0.0/14', 'type': 'isp'}",Zhengzhou,Henan,CN,"34.7578,113.6486"
212.3.209.52,"{'asn': 'AS24921', 'name': 'Latvijas Mobilais Telefons SIA', 'domain': 'lmt.lv', 'route': '212.3.208.0/23', 'type': 'isp'}",Riga,Riga,LV,"56.9460,24.1059"
121.137.21.228,"{'asn': 'AS4766', 'name': 'Korea Telecom', 'domain': 'kt.com', 'route': '121.136.0.0/13', 'type': 'isp'}",Suwon,Gyeonggi-do,KR,"37.2911,127.0089"
39.107.196.37,"{'asn': 'AS37963', 'name': 'Hangzhou Alibaba Advertising Co.,Ltd.', 'domain': 'alibabagroup.com', 'route': '39.106.0.0/15', 'type': 'business'}",Beijing,Beijing,CN,"39.9075,116.3972"
114.251.243.162,"{'asn': 'AS4808', 'name': 'China Unicom Beijing Province Network', 'domain': 'chinaunicom.cn', 'route': '114.251.192.0/18', 'type': 'isp'}",Beijing,Beijing,CN,"39.9075,116.3972"
103.21.117.127,"{'asn': 'AS138950', 'name': 'Jiangsu Wuxi International IDC network', 'domain': 'chinatelecom.cn', 'route': '103.21.116.0/22', 'type': 'isp'}",Nanjing,Jiangsu,CN,"32.0617,118.7778"
219.147.85.205,"{'asn': 'AS4134', 'name': 'CHINANET-BACKBONE', 'domain': 'chinatelecom.com.cn', 'route': '219.147.0.0/17', 'type': 'isp'}",Daqing,Heilongjiang,CN,"46.5833,125.0000"
112.124.157.60,"{'asn': 'AS37963', 'name': 'Hangzhou Alibaba Advertising Co.,Ltd.', 'domain': 'alibabagroup.com', 'route': '112.124.0.0/14', 'type': 'business'}",Hangzhou,Zhejiang,CN,"30.2936,120.1614"
223.4.222.1,"{'asn': 'AS37963', 'name': 'Hangzhou Alibaba Advertising Co.,Ltd.', 'domain': 'alibabagroup.com', 'route': '223.4.0.0/15', 'type': 'business'}",Hangzhou,Zhejiang,CN,"30.2936,120.1614"
112.124.157.180,"{'asn': 'AS37963', 'name': 'Hangzhou Alibaba Advertising Co.,Ltd.', 'domain': 'alibabagroup.com', 'route': '112.124.0.0/14', 'type': 'business'}",Hangzhou,Zhejiang,CN,"30.2936,120.1614"
222.73.201.45,"{'asn': 'AS4812', 'name': 'China Telecom (Group)', 'domain': 'chinatelecom.com.cn', 'route': '222.73.0.0/16', 'type': 'isp'}",Shanghai,Shanghai,CN,"31.2222,121.4581"
60.12.147.169,"{'asn': 'AS4837', 'name': 'CHINA UNICOM China169 Backbone', 'domain': 'chinaunicom.cn', 'route': '60.12.0.0/16', 'type': 'isp'}",Jinhua,Zhejiang,CN,"29.1068,119.6442"
211.152.60.189,"{'asn': 'AS4811', 'name': 'China Telecom (Group)', 'domain': 'chinatelecom.com.cn', 'route': '211.152.60.0/24', 'type': 'isp'}",Shanghai,Shanghai,CN,"31.2222,121.4581"
159.75.30.155,"{'asn': 'AS45090', 'name': 'Shenzhen Tencent Computer Systems Company Limited', 'domain': 'tencent.com', 'route': '159.75.0.0/18', 'type': 'hosting'}",Shenzhen,Guangdong,CN,"22.5455,114.0683"
211.86.1.174,"{'asn': 'AS4538', 'name': 'China Education and Research Network Center', 'domain': 'cernet.edu.cn', 'route': '211.86.0.0/21', 'type': 'education'}",Haidian,Beijing,CN,"39.9906,116.2887"
218.65.178.216,"{'asn': 'AS137693', 'name': 'CHINATELECOM Guangxi Nanning IDC networkdescr: Nanning , Guangxi Province, P.R.China.', 'domain': '189.cn', 'route': '218.65.176.0/22', 'type': 'isp'}",Nanning,Guangxi,CN,"22.8167,108.3167"
172.64.37.176,"{'asn': 'AS13335', 'name': 'Cloudflare, Inc.', 'domain': 'cloudflare.com', 'route': '172.64.36.0/23', 'type': 'hosting'}",San Francisco,California,US,"37.7621,-122.3971"
103.127.9.98,"{'asn': 'AS17995', 'name': 'PT iForte Global Internet', 'domain': 'iforte.co.id', 'route': '103.127.8.0/23', 'type': 'isp'}",Pati,Central Java,ID,"-6.7559,111.0380"
111.6.106.226,"{'asn': 'AS24445', 'name': 'Henan Mobile Communications Co.,Ltd', 'domain': 'chinamobile.com', 'route': '111.6.104.0/22', 'type': 'isp'}",Zhengzhou,Henan,CN,"34.7578,113.6486"
118.184.252.158,"{'asn': 'AS23650', 'name': 'AS Number for CHINANET jiangsu province backbone', 'domain': 'rtat.net', 'route': '118.184.128.0/17', 'type': 'hosting'}",Changzhou,Jiangsu,CN,"31.7736,119.9540"
115.238.244.157,"{'asn': 'AS4134', 'name': 'CHINANET-BACKBONE', 'domain': 'chinatelecom.com.cn', 'route': '115.224.0.0/12', 'type': 'isp'}",Hangzhou,Zhejiang,CN,"30.2936,120.1614"
47.101.238.205,"{'asn': 'AS37963', 'name': 'Hangzhou Alibaba Advertising Co.,Ltd.', 'domain': 'alibabagroup.com', 'route': '47.100.0.0/15', 'type': 'business'}",Shanghai,Shanghai,CN,"31.2222,121.4581"
220.180.57.226,"{'asn': 'AS4134', 'name': 'CHINANET-BACKBONE', 'domain': 'chinatelecom.com.cn', 'route': '220.180.0.0/16', 'type': 'isp'}",Hefei,Anhui,CN,"31.8639,117.2808"
103.56.62.72,"{'asn': 'AS4837', 'name': 'CHINA UNICOM China169 Backbone', 'domain': 'chinaunicom.cn', 'route': '103.56.60.0/22', 'type': 'isp'}",Zhenjiang,Jiangsu,CN,"32.2109,119.4551"
76.76.2.176,"{'asn': 'AS398962', 'name': 'CONTROLD INC.', 'domain': 'controld.com', 'route': '76.76.2.0/24', 'type': 'isp'}",Toronto,Ontario,CA,"43.6404,-79.3995"
119.23.85.122,"{'asn': 'AS37963', 'name': 'Hangzhou Alibaba Advertising Co.,Ltd.', 'domain': 'alibabagroup.com', 'route': '119.23.0.0/17', 'type': 'business'}",Shenzhen,Guangdong,CN,"22.5455,114.0683"
60.205.174.34,"{'asn': 'AS37963', 'name': 'Hangzhou Alibaba Advertising Co.,Ltd.', 'domain': 'alibabagroup.com', 'route': '60.205.128.0/17', 'type': 'business'}",Beijing,Beijing,CN,"39.9075,116.3972"
183.131.85.170,"{'asn': 'AS58461', 'name': 'CT-HangZhou-IDC', 'domain': 'chinatelecom.cn', 'route': '183.131.85.0/24', 'type': 'hosting'}",Hangzhou,Zhejiang,CN,"30.2936,120.1614"
120.204.233.126,"{'asn': 'AS24400', 'name': 'Shanghai Mobile Communications Co.,Ltd.', 'domain': 'chinamobile.com', 'route': '120.204.0.0/16', 'type': 'isp'}",Shanghai,Shanghai,CN,"31.2222,121.4581"
103.56.61.101,"{'asn': 'AS4837', 'name': 'CHINA UNICOM China169 Backbone', 'domain': 'chinaunicom.cn', 'route': '103.56.60.0/22', 'type': 'isp'}",Zhenjiang,Jiangsu,CN,"32.2109,119.4551"
114.117.141.109,"{'asn': 'AS45090', 'name': 'Shenzhen Tencent Computer Systems Company Limited', 'domain': 'tencent.com', 'route': '114.117.140.0/22', 'type': 'hosting'}",Shenzhen,Guangdong,CN,"22.5455,114.0683"
112.111.62.152,"{'asn': 'AS4837', 'name': 'CHINA UNICOM China169 Backbone', 'domain': 'chinaunicom.cn', 'route': '112.111.0.0/16', 'type': 'isp'}",Xiamen,Fujian,CN,"24.4798,118.0819"
111.235.161.11,"{'asn': 'AS58448', 'name': 'CONAC (China Organizational Name Administration Center)', 'domain': 'conac.cn', 'route': '111.235.161.0/24', 'type': 'business'}",Beijing,Beijing,CN,"39.9075,116.3972"
211.152.42.168,"{'asn': 'AS4811', 'name': 'China Telecom (Group)', 'domain': 'chinatelecom.com.cn', 'route': '211.152.40.0/21', 'type': 'isp'}",Shanghai,Shanghai,CN,"31.2222,121.4581"
114.247.84.225,"{'asn': 'AS4808', 'name': 'China Unicom Beijing Province Network', 'domain': 'chinaunicom.cn', 'route': '114.247.64.0/18', 'type': 'isp'}",Beijing,Beijing,CN,"39.9075,116.3972"
112.124.157.200,"{'asn': 'AS37963', 'name': 'Hangzhou Alibaba Advertising Co.,Ltd.', 'domain': 'alibabagroup.com', 'route': '112.124.0.0/14', 'type': 'business'}",Hangzhou,Zhejiang,CN,"30.2936,120.1614"
113.207.113.227,"{'asn': 'AS4837', 'name': 'CHINA UNICOM China169 Backbone', 'domain': 'chinaunicom.cn', 'route': '113.204.0.0/14', 'type': 'isp'}",Chongqing,Chongqing,CN,"29.5603,106.5577"
180.201.110.251,"{'asn': 'AS4538', 'name': 'China Education and Research Network Center', 'domain': 'cernet.edu.cn', 'route': '180.201.96.0/20', 'type': 'education'}",Haidian,Beijing,CN,"39.9906,116.2887"
103.45.122.166,"{'asn': 'AS63612', 'name': 'Shenzhen Qianhai bird cloud computing Co. Ltd.', 'domain': 'cnnic.cn', 'route': '103.45.122.0/24', 'type': 'hosting'}",Zhangjiakou,Hebei,CN,"40.7834,114.8714"
121.236.214.197,"{'asn': 'AS4134', 'name': 'CHINANET-BACKBONE', 'domain': 'chinatelecom.com.cn', 'route': '121.224.0.0/12', 'type': 'isp'}",Nanjing,Jiangsu,CN,"32.0617,118.7778"
103.45.113.147,"{'asn': 'AS63612', 'name': 'Shenzhen Qianhai bird cloud computing Co. Ltd.', 'domain': 'cnnic.cn', 'route': '103.45.113.0/24', 'type': 'hosting'}",Zhangjiakou,Hebei,CN,"40.7834,114.8714"
61.160.210.69,"{'asn': 'AS4134', 'name': 'CHINANET-BACKBONE', 'domain': 'chinatelecom.com.cn', 'route': '61.160.0.0/16', 'type': 'isp'}",Nanjing,Jiangsu,CN,"32.0617,118.7778"
202.121.98.5,"{'asn': 'AS4538', 'name': 'China Education and Research Network Center', 'domain': 'cernet.edu.cn', 'route': '202.121.0.0/16', 'type': 'education'}",Shanghai,Shanghai,CN,"31.2222,121.4581"
221.231.118.129,"{'asn': 'AS4134', 'name': 'CHINANET-BACKBONE', 'domain': 'chinatelecom.com.cn', 'route': '221.224.0.0/13', 'type': 'isp'}",Nanjing,Jiangsu,CN,"32.0617,118.7778"
114.251.199.81,"{'asn': 'AS4808', 'name': 'China Unicom Beijing Province Network', 'domain': 'chinaunicom.cn', 'route': '114.251.192.0/18', 'type': 'isp'}",Beijing,Beijing,CN,"39.9075,116.3972"
160.94.167.25,"{'asn': 'AS217', 'name': 'University of Minnesota', 'domain': 'umn.edu', 'route': '160.94.0.0/16', 'type': 'education'}",Minneapolis,Minnesota,US,"44.9779,-93.2199"
182.120.179.182,"{'asn': 'AS4837', 'name': 'CHINA UNICOM China169 Backbone', 'domain': 'chinaunicom.cn', 'route': '182.112.0.0/12', 'type': 'isp'}",Zhengzhou,Henan,CN,"34.7578,113.6486"
43.248.188.146,"{'asn': 'AS4837', 'name': 'CHINA UNICOM China169 Backbone', 'domain': 'chinaunicom.cn', 'route': '43.248.184.0/21', 'type': 'isp'}",Suqian,Jiangsu,CN,"33.9492,118.2958"
113.207.112.81,"{'asn': 'AS4837', 'name': 'CHINA UNICOM China169 Backbone', 'domain': 'chinaunicom.cn', 'route': '113.204.0.0/14', 'type': 'isp'}",Chongqing,Chongqing,CN,"29.5603,106.5577"
223.4.222.170,"{'asn': 'AS37963', 'name': 'Hangzhou Alibaba Advertising Co.,Ltd.', 'domain': 'alibabagroup.com', 'route': '223.4.0.0/15', 'type': 'business'}",Hangzhou,Zhejiang,CN,"30.2936,120.1614"
103.94.99.61,"{'asn': 'AS9875', 'name': 'PT. Pasifik Satelit Nusantara', 'domain': 'psn.co.id', 'route': '103.94.99.0/24', 'type': 'isp'}",Metro,Lampung,ID,"-5.1131,105.3067"
103.45.113.103,"{'asn': 'AS63612', 'name': 'Shenzhen Qianhai bird cloud computing Co. Ltd.', 'domain': 'cnnic.cn', 'route': '103.45.113.0/24', 'type': 'hosting'}",Zhangjiakou,Hebei,CN,"40.7834,114.8714"
211.152.52.248,"{'asn': 'AS4811', 'name': 'China Telecom (Group)', 'domain': 'chinatelecom.com.cn', 'route': '211.152.48.0/20', 'type': 'isp'}",Shanghai,Shanghai,CN,"31.2222,121.4581"
114.117.131.237,"{'asn': 'AS45090', 'name': 'Shenzhen Tencent Computer Systems Company Limited', 'domain': 'tencent.com', 'route': '114.117.128.0/21', 'type': 'hosting'}",Beijing,Beijing,CN,"39.9075,116.3972"
122.228.20.156,"{'asn': 'AS134771', 'name': 'WENZHOU, ZHEJIANG Province, P.R.China.', 'domain': 'chinatelecom.cn', 'route': '122.228.16.0/20', 'type': 'isp'}",Shanghai,Shanghai,CN,"31.2222,121.4581"
123.129.211.229,"{'asn': 'AS4837', 'name': 'CHINA UNICOM China169 Backbone', 'domain': 'chinaunicom.cn', 'route': '123.128.0.0/13', 'type': 'isp'}",Qingdao,Shandong,CN,"36.0649,120.3804"
8.146.251.44,"{'asn': 'AS37963', 'name': 'Hangzhou Alibaba Advertising Co.,Ltd.', 'domain': 'alibabagroup.com', 'route': '8.146.0.0/15', 'type': 'business'}",Beijing,Beijing,CN,"39.9075,116.3972"
61.174.50.10,"{'asn': 'AS4134', 'name': 'CHINANET-BACKBONE', 'domain': 'chinatelecom.com.cn', 'route': '61.174.0.0/15', 'type': 'isp'}",Huzhou,Zhejiang,CN,"30.8703,120.0933"
76.76.2.19,"{'asn': 'AS398962', 'name': 'CONTROLD INC.', 'domain': 'controld.com', 'route': '76.76.2.0/24', 'type': 'isp'}",Toronto,Ontario,CA,"43.6404,-79.3995"
60.205.173.123,"{'asn': 'AS37963', 'name': 'Hangzhou Alibaba Advertising Co.,Ltd.', 'domain': 'alibabagroup.com', 'route': '60.205.128.0/17', 'type': 'business'}",Beijing,Beijing,CN,"39.9075,116.3972"
103.143.191.105,"{'asn': 'AS9875', 'name': 'PT. Pasifik Satelit Nusantara', 'domain': 'psn.co.id', 'route': '103.143.190.0/23', 'type': 'isp'}",Jakarta,Jakarta,ID,"-6.2146,106.8451"
114.255.165.204,"{'asn': 'AS4808', 'name': 'China Unicom Beijing Province Network', 'domain': 'chinaunicom.cn', 'route': '114.255.128.0/18', 'type': 'isp'}",Beijing,Beijing,CN,"39.9075,116.3972"
122.226.189.252,"{'asn': 'AS4134', 'name': 'CHINANET-BACKBONE', 'domain': 'chinatelecom.com.cn', 'route': '122.224.0.0/12', 'type': 'isp'}",Hangzhou,Zhejiang,CN,"30.2936,120.1614"
78.157.57.204,"{'asn': 'AS62442', 'name': 'Dade Samane Fanava Company (PJS)', 'domain': 'fanavaidc.com', 'route': '78.157.57.0/24', 'type': 'hosting'}",Shiraz,Fars,IR,"29.6103,52.5311"
210.26.79.135,"{'asn': 'AS4538', 'name': 'China Education and Research Network Center', 'domain': 'cernet.edu.cn', 'route': '210.26.79.0/24', 'type': 'education'}",Haidian,Beijing,CN,"39.9906,116.2887"
47.110.173.51,"{'asn': 'AS37963', 'name': 'Hangzhou Alibaba Advertising Co.,Ltd.', 'domain': 'alibabagroup.com', 'route': '47.110.0.0/16', 'type': 'business'}",Hangzhou,Zhejiang,CN,"30.2936,120.1614"
76.76.10.193,"{'asn': 'AS398962', 'name': 'CONTROLD INC.', 'domain': 'controld.com', 'route': '76.76.10.0/24', 'type': 'isp'}",Toronto,Ontario,CA,"43.6404,-79.3995"
103.28.204.100,"{'asn': 'AS4837', 'name': 'CHINA UNICOM China169 Backbone', 'domain': 'chinaunicom.cn', 'route': '103.28.204.0/22', 'type': 'isp'}",Badu,Fujian,CN,"26.8103,119.5642"
125.211.207.76,"{'asn': 'AS4837', 'name': 'CHINA UNICOM China169 Backbone', 'domain': 'chinaunicom.cn', 'route': '125.211.0.0/16', 'type': 'isp'}",Harbin,Heilongjiang,CN,"45.7500,126.6500"
202.121.101.12,"{'asn': 'AS4538', 'name': 'China Education and Research Network Center', 'domain': 'cernet.edu.cn', 'route': '202.121.0.0/16', 'type': 'education'}",Shanghai,Shanghai,CN,"31.2222,121.4581"
103.36.60.118,"{'asn': 'AS134771', 'name': 'WENZHOU, ZHEJIANG Province, P.R.China.', 'domain': 'chinatelecom.cn', 'route': '103.36.60.0/23', 'type': 'isp'}",Wenzhou,Zhejiang,CN,"27.9994,120.6668"
91.222.95.210,"{'asn': 'AS13026', 'name': 'Manuel Kahr', 'domain': 'k-wlan.at', 'route': '91.222.92.0/22', 'type': 'isp'}",Heimschuh,Styria,AT,"46.7600,15.4931"
124.248.66.41,"{'asn': 'AS58461', 'name': 'CT-HangZhou-IDC', 'domain': 'chinatelecom.cn', 'route': '124.248.64.0/18', 'type': 'hosting'}",Shaoxing,Zhejiang,CN,"30.0024,120.5786"
103.169.112.97,"{'asn': 'AS9875', 'name': 'PT. Pasifik Satelit Nusantara', 'domain': 'psn.co.id', 'route': '103.169.112.0/23', 'type': 'isp'}",Serang,Banten,ID,"-6.1153,106.1542"
103.45.150.89,"{'asn': 'AS63612', 'name': 'Shenzhen Qianhai bird cloud computing Co. Ltd.', 'domain': 'cnnic.cn', 'route': '103.45.150.0/24', 'type': 'hosting'}",Zhangjiakou,Hebei,CN,"40.7834,114.8714"
115.155.180.77,"{'asn': 'AS4538', 'name': 'China Education and Research Network Center', 'domain': 'cernet.edu.cn', 'route': '115.155.176.0/20', 'type': 'education'}",Haidian,Beijing,CN,"39.9906,116.2887"
222.98.18.240,"{'asn': 'AS4766', 'name': 'Korea Telecom', 'domain': 'kt.com', 'route': '222.96.0.0/13', 'type': 'isp'}",Anyang-si,Gyeonggi-do,KR,"37.3925,126.9269"
210.180.113.139,"{'asn': 'AS9318', 'name': 'SK Broadband Co Ltd', 'domain': 'skbroadband.com', 'route': '210.180.96.0/19', 'type': 'isp'}",Seoul,Seoul,KR,"37.5660,126.9784"
124.248.67.199,"{'asn': 'AS58461', 'name': 'CT-HangZhou-IDC', 'domain': 'chinatelecom.cn', 'route': '124.248.64.0/18', 'type': 'hosting'}",Shaoxing,Zhejiang,CN,"30.0024,120.5786"
123.99.195.34,"{'asn': 'AS58461', 'name': 'CT-HangZhou-IDC', 'domain': 'chinatelecom.cn', 'route': '123.99.192.0/18', 'type': 'hosting'}",Jiefang,Zhejiang,CN,"30.7782,120.7633"
117.149.37.86,"{'asn': 'AS56041', 'name': 'China Mobile communications corporation', 'domain': 'chinamobile.com', 'route': '117.149.36.0/22', 'type': 'isp'}",Shanghai,Shanghai,CN,"31.2222,121.4581"
1.12.73.2,"{'asn': 'AS45090', 'name': 'Shenzhen Tencent Computer Systems Company Limited', 'domain': 'tencent.com', 'route': '1.12.64.0/18', 'type': 'hosting'}",Shenzhen,Guangdong,CN,"22.5455,114.0683"
114.117.141.191,"{'asn': 'AS45090', 'name': 'Shenzhen Tencent Computer Systems Company Limited', 'domain': 'tencent.com', 'route': '114.117.140.0/22', 'type': 'hosting'}",Shenzhen,Guangdong,CN,"22.5455,114.0683"
47.102.226.141,"{'asn': 'AS37963', 'name': 'Hangzhou Alibaba Advertising Co.,Ltd.', 'domain': 'alibabagroup.com', 'route': '47.102.0.0/15', 'type': 'business'}",Shanghai,Shanghai,CN,"31.2222,121.4581"
223.70.135.99,"{'asn': 'AS56048', 'name': 'China Mobile Communicaitons Corporation', 'domain': 'chinamobile.com', 'route': '223.70.0.0/15', 'type': 'isp'}",Beijing,Beijing,CN,"39.9075,116.3972"
210.16.189.47,"{'asn': 'AS4811', 'name': 'China Telecom (Group)', 'domain': 'chinatelecom.com.cn', 'route': '210.16.188.0/23', 'type': 'isp'}",Shanghai,Shanghai,CN,"31.2222,121.4581"
111.206.133.114,"{'asn': 'AS4808', 'name': 'China Unicom Beijing Province Network', 'domain': 'chinaunicom.cn', 'route': '111.206.128.0/18', 'type': 'isp'}",Beijing,Beijing,CN,"39.9075,116.3972"
202.121.111.149,"{'asn': 'AS4538', 'name': 'China Education and Research Network Center', 'domain': 'cernet.edu.cn', 'route': '202.121.0.0/16', 'type': 'education'}",Shanghai,Shanghai,CN,"31.2222,121.4581"
103.124.191.84,"{'asn': 'AS17995', 'name': 'PT iForte Global Internet', 'domain': 'iforte.co.id', 'route': '103.124.190.0/23', 'type': 'isp'}",Kadukandel,Banten,ID,"-6.4334,105.9098"
36.112.29.232,"{'asn': 'AS4847', 'name': 'China Networks Inter-Exchange', 'domain': 'bta.net.cn', 'route': '36.112.0.0/16', 'type': 'isp'}",Beijing,Beijing,CN,"39.9075,116.3972"
27.54.236.41,"{'asn': 'AS4134', 'name': 'CHINANET-BACKBONE', 'domain': 'chinatelecom.com.cn', 'route': '27.54.224.0/19', 'type': 'isp'}",Hefei,Anhui,CN,"31.8639,117.2808"
115.155.191.2,"{'asn': 'AS4538', 'name': 'China Education and Research Network Center', 'domain': 'cernet.edu.cn', 'route': '115.155.176.0/20', 'type': 'education'}",Haidian,Beijing,CN,"39.9906,116.2887"
103.45.109.160,"{'asn': 'AS63612', 'name': 'Shenzhen Qianhai bird cloud computing Co. Ltd.', 'domain': 'cnnic.cn', 'route': '103.45.109.0/24', 'type': 'hosting'}",Zhangjiakou,Hebei,CN,"40.7834,114.8714"
43.241.18.72,"{'asn': 'AS134771', 'name': 'WENZHOU, ZHEJIANG Province, P.R.China.', 'domain': 'chinatelecom.cn', 'route': '43.241.18.0/23', 'type': 'isp'}",Wenzhou,Zhejiang,CN,"27.9994,120.6668"
123.59.232.143,"{'asn': 'AS23724', 'name': 'IDC, China Telecommunications Corporation', 'domain': 'chinatelecom.cn', 'route': '123.59.224.0/19', 'type': 'business'}",Beijing,Beijing,CN,"39.9075,116.3972"
58.221.49.239,"{'asn': 'AS4134', 'name': 'CHINANET-BACKBONE', 'domain': 'chinatelecom.com.cn', 'route': '58.208.0.0/12', 'type': 'isp'}",Nanjing,Jiangsu,CN,"32.0617,118.7778"
8.139.73.37,"{'asn': 'AS37963', 'name': 'Hangzhou Alibaba Advertising Co.,Ltd.', 'domain': 'alibabagroup.com', 'route': '8.139.0.0/17', 'type': 'business'}",Hangzhou,Zhejiang,CN,"30.2936,120.1614"
203.195.161.36,"{'asn': 'AS45090', 'name': 'Shenzhen Tencent Computer Systems Company Limited', 'domain': 'tencent.com', 'route': '203.195.160.0/23', 'type': 'hosting'}",Shenzhen,Guangdong,CN,"22.5455,114.0683"
103.127.11.198,"{'asn': 'AS17995', 'name': 'PT iForte Global Internet', 'domain': 'iforte.co.id', 'route': '103.127.10.0/23', 'type': 'isp'}",Takengon,Aceh,ID,"4.6212,96.8467"
47.113.23.139,"{'asn': 'AS37963', 'name': 'Hangzhou Alibaba Advertising Co.,Ltd.', 'domain': 'alibabagroup.com', 'route': '47.113.0.0/16', 'type': 'business'}",Shenzhen,Guangdong,CN,"22.5455,114.0683"
102.223.124.16,"{'asn': 'AS206283', 'name': 'YAHSAT FRANKFURT', 'domain': 'yahsat.ae', 'route': '102.223.124.0/24', 'type': 'isp'}",Tarkastad,Eastern Cape,ZA,"-32.0089,26.2594"
45.248.11.11,"{'asn': 'AS137697', 'name': 'CHINATELECOM JiangSu YangZhou IDC networkdescr: YangZhou , Jiangsu Province, P.R.China.', 'domain': 'chinatelecom.cn', 'route': '45.248.8.0/22', 'type': 'isp'}",Nanjing,Jiangsu,CN,"32.0617,118.7778"
193.108.29.171,"{'asn': 'AS24921', 'name': 'Latvijas Mobilais Telefons SIA', 'domain': 'lmt.lv', 'route': '193.108.29.0/24', 'type': 'isp'}",Riga,Riga,LV,"56.9460,24.1059"
8.146.243.71,"{'asn': 'AS37963', 'name': 'Hangzhou Alibaba Advertising Co.,Ltd.', 'domain': 'alibabagroup.com', 'route': '8.146.0.0/15', 'type': 'business'}",Beijing,Beijing,CN,"39.9075,116.3972"
43.240.75.160,"{'asn': 'AS134771', 'name': 'WENZHOU, ZHEJIANG Province, P.R.China.', 'domain': 'chinatelecom.cn', 'route': '43.240.74.0/23', 'type': 'isp'}",Wenzhou,Zhejiang,CN,"27.9994,120.6668"
47.110.215.50,"{'asn': 'AS37963', 'name': 'Hangzhou Alibaba Advertising Co.,Ltd.', 'domain': 'alibabagroup.com', 'route': '47.110.0.0/16', 'type': 'business'}",Hangzhou,Zhejiang,CN,"30.2936,120.1614"
124.172.153.94,"{'asn': 'AS134764', 'name': 'CHINANET Guangdong province network', 'domain': 'chinatelecom.cn', 'route': '124.172.144.0/20', 'type': 'isp'}",Guangzhou,Guangdong,CN,"23.1167,113.2500"
103.45.109.227,"{'asn': 'AS63612', 'name': 'Shenzhen Qianhai bird cloud computing Co. Ltd.', 'domain': 'cnnic.cn', 'route': '103.45.109.0/24', 'type': 'hosting'}",Zhangjiakou,Hebei,CN,"40.7834,114.8714"
121.35.254.96,"{'asn': 'AS4134', 'name': 'CHINANET-BACKBONE', 'domain': 'chinatelecom.com.cn', 'route': '121.32.0.0/14', 'type': 'isp'}",Shenzhen,Guangdong,CN,"22.5455,114.0683"
103.45.106.4,"{'asn': 'AS63612', 'name': 'Shenzhen Qianhai bird cloud computing Co. Ltd.', 'domain': 'cnnic.cn', 'route': '103.45.106.0/24', 'type': 'hosting'}",Zhangjiakou,Hebei,CN,"40.7834,114.8714"
8.139.72.170,"{'asn': 'AS37963', 'name': 'Hangzhou Alibaba Advertising Co.,Ltd.', 'domain': 'alibabagroup.com', 'route': '8.139.0.0/17', 'type': 'business'}",Hangzhou,Zhejiang,CN,"30.2936,120.1614"
223.113.240.31,"{'asn': 'AS56046', 'name': 'China Mobile communications corporation', 'domain': 'chinamobile.com', 'route': '223.113.240.0/21', 'type': 'isp'}",Nanjing,Jiangsu,CN,"32.0617,118.7778"
119.41.173.23,"{'asn': 'AS4134', 'name': 'CHINANET-BACKBONE', 'domain': 'chinatelecom.com.cn', 'route': '119.41.0.0/16', 'type': 'isp'}",Haikou,Hainan,CN,"20.0342,110.3465"
202.121.110.209,"{'asn': 'AS4538', 'name': 'China Education and Research Network Center', 'domain': 'cernet.edu.cn', 'route': '202.121.0.0/16', 'type': 'education'}",Shanghai,Shanghai,CN,"31.2222,121.4581"
43.248.139.184,"{'asn': 'AS23650', 'name': 'AS Number for CHINANET jiangsu province backbone', 'domain': 'rtat.net', 'route': '43.248.128.0/20', 'type': 'hosting'}",Nanjing,Jiangsu,CN,"32.0617,118.7778"
103.45.129.214,"{'asn': 'AS63612', 'name': 'Shenzhen Qianhai bird cloud computing Co. Ltd.', 'domain': 'cnnic.cn', 'route': '103.45.129.0/24', 'type': 'hosting'}",Zhangjiakou,Hebei,CN,"40.7834,114.8714"
114.117.141.248,"{'asn': 'AS45090', 'name': 'Shenzhen Tencent Computer Systems Company Limited', 'domain': 'tencent.com', 'route': '114.117.140.0/22', 'type': 'hosting'}",Shenzhen,Guangdong,CN,"22.5455,114.0683"
103.143.117.140,"{'asn': 'AS9875', 'name': 'PT. Pasifik Satelit Nusantara', 'domain': 'psn.co.id', 'route': '103.143.116.0/23', 'type': 'isp'}",Lubuklinggau,South Sumatra,ID,"-3.2945,102.8614"
223.85.58.122,"{'asn': 'AS139080', 'name': 'The Internet Data Center of Sichuan Mobile Communication Company Limited', 'domain': 'chinamobile.com', 'route': '223.85.56.0/22', 'type': 'business'}",Chengdu,Sichuan,CN,"30.6667,104.0667"
61.164.122.4,"{'asn': 'AS4134', 'name': 'CHINANET-BACKBONE', 'domain': 'chinatelecom.com.cn', 'route': '61.164.0.0/16', 'type': 'isp'}",Ningbo,Zhejiang,CN,"29.8782,121.5494"
8.146.248.45,"{'asn': 'AS37963', 'name': 'Hangzhou Alibaba Advertising Co.,Ltd.', 'domain': 'alibabagroup.com', 'route': '8.146.0.0/15', 'type': 'business'}",Beijing,Beijing,CN,"39.9075,116.3972"
210.16.180.87,"{'asn': 'AS4812', 'name': 'China Telecom (Group)', 'domain': 'chinatelecom.com.cn', 'route': '210.16.180.0/24', 'type': 'isp'}",Shanghai,Shanghai,CN,"31.2222,121.4581"
202.103.252.141,"{'asn': 'AS4134', 'name': 'CHINANET-BACKBONE', 'domain': 'chinatelecom.com.cn', 'route': '202.103.192.0/18', 'type': 'isp'}",Nanning,Guangxi,CN,"22.8167,108.3167"
122.114.206.189,"{'asn': 'AS4837', 'name': 'CHINA UNICOM China169 Backbone', 'domain': 'chinaunicom.cn', 'route': '122.114.0.0/16', 'type': 'isp'}",Zhengzhou,Henan,CN,"34.7578,113.6486"
114.247.84.1,"{'asn': 'AS4808', 'name': 'China Unicom Beijing Province Network', 'domain': 'chinaunicom.cn', 'route': '114.247.64.0/18', 'type': 'isp'}",Beijing,Beijing,CN,"39.9075,116.3972"
47.96.193.230,"{'asn': 'AS37963', 'name': 'Hangzhou Alibaba Advertising Co.,Ltd.', 'domain': 'alibabagroup.com', 'route': '47.96.0.0/16', 'type': 'business'}",Hangzhou,Zhejiang,CN,"30.2936,120.1614"
211.152.59.107,"{'asn': 'AS4811', 'name': 'China Telecom (Group)', 'domain': 'chinatelecom.com.cn', 'route': '211.152.48.0/20', 'type': 'isp'}",Shanghai,Shanghai,CN,"31.2222,121.4581"
195.252.212.246,"{'asn': 'AS30600', 'name': 'Metronet', 'domain': 'metronet.com', 'route': '195.252.192.0/18', 'type': 'isp'}",Carmel,Indiana,US,"39.9784,-86.1180"
124.248.69.82,"{'asn': 'AS58461', 'name': 'CT-HangZhou-IDC', 'domain': 'chinatelecom.cn', 'route': '124.248.64.0/18', 'type': 'hosting'}",Shaoxing,Zhejiang,CN,"30.0024,120.5786"
103.28.205.180,"{'asn': 'AS4837', 'name': 'CHINA UNICOM China169 Backbone', 'domain': 'chinaunicom.cn', 'route': '103.28.204.0/22', 'type': 'isp'}",Badu,Fujian,CN,"26.8103,119.5642"
8.146.203.49,"{'asn': 'AS37963', 'name': 'Hangzhou Alibaba Advertising Co.,Ltd.', 'domain': 'alibabagroup.com', 'route': '8.146.0.0/15', 'type': 'business'}",Beijing,Beijing,CN,"39.9075,116.3972"
85.9.100.16,"{'asn': 'AS34918', 'name': 'Pishgaman Toseeh Ertebatat Company (Private Joint Stock)', 'domain': 'pishgaman.net', 'route': '85.9.96.0/21', 'type': 'hosting'}",Shiraz,Fars,IR,"29.6103,52.5311"
105.29.92.201,"{'asn': 'AS37100', 'name': 'SEACOM Limited', 'domain': 'seacom.com', 'route': '105.16.0.0/12', 'type': 'business'}",Johannesburg,Gauteng,ZA,"-26.1000,28.0555"
85.252.222.77,"{'asn': 'AS2116', 'name': 'GLOBALCONNECT AS', 'domain': 'globalconnect.no', 'route': '85.252.0.0/16', 'type': 'isp'}",Lillestrøm,Akershus,NO,"59.9560,11.0492"
210.26.73.27,"{'asn': 'AS4538', 'name': 'China Education and Research Network Center', 'domain': 'cernet.edu.cn', 'route': '210.26.72.0/21', 'type': 'education'}",Haidian,Beijing,CN,"39.9906,116.2887"
43.240.156.11,"{'asn': 'AS134771', 'name': 'WENZHOU, ZHEJIANG Province, P.R.China.', 'domain': 'chinatelecom.cn', 'route': '43.240.156.0/23', 'type': 'isp'}",Wenzhou,Zhejiang,CN,"27.9994,120.6668"
103.94.206.196,"{'asn': 'AS136291', 'name': 'Madhya Pradesh State Electronics Development Corporation Ltd.', 'domain': 'mpsedc.com', 'route': '103.94.206.0/24', 'type': 'business'}",Mumbai,Maharashtra,IN,"18.9750,72.8258"
210.16.187.37,"{'asn': 'AS4811', 'name': 'China Telecom (Group)', 'domain': 'chinatelecom.com.cn', 'route': '210.16.186.0/23', 'type': 'isp'}",Shanghai,Shanghai,CN,"31.2222,121.4581"
43.248.190.219,"{'asn': 'AS4837', 'name': 'CHINA UNICOM China169 Backbone', 'domain': 'chinaunicom.cn', 'route': '43.248.184.0/21', 'type': 'isp'}",Suqian,Jiangsu,CN,"33.9492,118.2958"
211.145.15.205,"{'asn': 'AS4808', 'name': 'China Unicom Beijing Province Network', 'domain': 'chinaunicom.cn', 'route': '211.145.0.0/20', 'type': 'isp'}",Beijing,Beijing,CN,"39.9075,116.3972"
106.52.85.172,"{'asn': 'AS45090', 'name': 'Shenzhen Tencent Computer Systems Company Limited', 'domain': 'tencent.com', 'route': '106.52.80.0/20', 'type': 'hosting'}",Shenzhen,Guangdong,CN,"22.5455,114.0683"
112.50.94.165,"{'asn': 'AS9808', 'name': 'China Mobile Communications Group Co., Ltd.', 'domain': '10086.cn', 'route': '112.50.0.0/16', 'type': 'isp'}",Guangzhou,Guangdong,CN,"23.1167,113.2500"
210.16.189.100,"{'asn': 'AS4811', 'name': 'China Telecom (Group)', 'domain': 'chinatelecom.com.cn', 'route': '210.16.188.0/23', 'type': 'isp'}",Shanghai,Shanghai,CN,"31.2222,121.4581"
159.75.105.28,"{'asn': 'AS45090', 'name': 'Shenzhen Tencent Computer Systems Company Limited', 'domain': 'tencent.com', 'route': '159.75.64.0/18', 'type': 'hosting'}",Shenzhen,Guangdong,CN,"22.5455,114.0683"
115.230.127.133,"{'asn': 'AS58461', 'name': 'CT-HangZhou-IDC', 'domain': 'chinatelecom.cn', 'route': '115.230.124.0/22', 'type': 'hosting'}",Shaoxing,Zhejiang,CN,"30.0024,120.5786"
103.85.84.16,"{'asn': 'AS23650', 'name': 'AS Number for CHINANET jiangsu province backbone', 'domain': 'rtat.net', 'route': '103.85.84.0/24', 'type': 'hosting'}",Nanjing,Jiangsu,CN,"32.0617,118.7778"
211.152.59.247,"{'asn': 'AS4811', 'name': 'China Telecom (Group)', 'domain': 'chinatelecom.com.cn', 'route': '211.152.48.0/20', 'type': 'isp'}",Shanghai,Shanghai,CN,"31.2222,121.4581"
122.114.206.176,"{'asn': 'AS4837', 'name': 'CHINA UNICOM China169 Backbone', 'domain': 'chinaunicom.cn', 'route': '122.114.0.0/16', 'type': 'isp'}",Zhengzhou,Henan,CN,"34.7578,113.6486"
117.149.199.160,"{'asn': 'AS56041', 'name': 'China Mobile communications corporation', 'domain': 'chinamobile.com', 'route': '117.149.196.0/22', 'type': 'isp'}",Shanghai,Shanghai,CN,"31.2222,121.4581"
8.139.71.85,"{'asn': 'AS37963', 'name': 'Hangzhou Alibaba Advertising Co.,Ltd.', 'domain': 'alibabagroup.com', 'route': '8.139.0.0/17', 'type': 'business'}",Hangzhou,Zhejiang,CN,"30.2936,120.1614"
162.159.46.161,"{'asn': 'AS13335', 'name': 'Cloudflare, Inc.', 'domain': 'cloudflare.com', 'route': '162.159.46.0/24', 'type': 'hosting'}",San Francisco,California,US,"37.7621,-122.3971"
193.110.81.0,"{'asn': 'AS50902', 'name': 'DNS0.EU A.D.', 'domain': 'dns0.eu', 'route': '193.110.81.0/24', 'type': 'business'}",Paris,Île-de-France,FR,"48.8534,2.3488"
103.186.108.1,"{'asn': 'AS58543', 'name': 'Guangdong', 'domain': 'chinatelecom.cn', 'route': '103.186.108.0/24', 'type': 'isp'}",Shenzhen,Guangdong,CN,"22.5455,114.0683"
218.29.54.213,"{'asn': 'AS4837', 'name': 'CHINA UNICOM China169 Backbone', 'domain': 'chinaunicom.cn', 'route': '218.28.0.0/15', 'type': 'isp'}",Zhengzhou,Henan,CN,"34.7578,113.6486"
122.228.193.38,"{'asn': 'AS134771', 'name': 'WENZHOU, ZHEJIANG Province, P.R.China.', 'domain': 'chinatelecom.cn', 'route': '122.228.192.0/21', 'type': 'isp'}",Rui’an,Zhejiang,CN,"27.7761,120.6586"
45.119.104.46,"{'asn': 'AS4847', 'name': 'China Networks Inter-Exchange', 'domain': 'bta.net.cn', 'route': '45.119.104.0/24', 'type': 'isp'}",Beijing,Beijing,CN,"39.9075,116.3972"
58.246.196.119,"{'asn': 'AS17621', 'name': 'China Unicom Shanghai network', 'domain': 'chinaunicom.cn', 'route': '58.246.0.0/16', 'type': 'isp'}",Shanghai,Shanghai,CN,"31.2222,121.4581"
8.139.73.187,"{'asn': 'AS37963', 'name': 'Hangzhou Alibaba Advertising Co.,Ltd.', 'domain': 'alibabagroup.com', 'route': '8.139.0.0/17', 'type': 'business'}",Hangzhou,Zhejiang,CN,"30.2936,120.1614"
103.140.66.222,"{'asn': 'AS9875', 'name': 'PT. Pasifik Satelit Nusantara', 'domain': 'psn.co.id', 'route': '103.140.66.0/23', 'type': 'isp'}",Surulangun Rawas,South Sumatra,ID,"-2.6227,102.7634"
103.45.109.107,"{'asn': 'AS63612', 'name': 'Shenzhen Qianhai bird cloud computing Co. Ltd.', 'domain': 'cnnic.cn', 'route': '103.45.109.0/24', 'type': 'hosting'}",Zhangjiakou,Hebei,CN,"40.7834,114.8714"
180.201.102.130,"{'asn': 'AS4538', 'name': 'China Education and Research Network Center', 'domain': 'cernet.edu.cn', 'route': '180.201.96.0/20', 'type': 'education'}",Haidian,Beijing,CN,"39.9906,116.2887"
182.120.179.30,"{'asn': 'AS4837', 'name': 'CHINA UNICOM China169 Backbone', 'domain': 'chinaunicom.cn', 'route': '182.112.0.0/12', 'type': 'isp'}",Zhengzhou,Henan,CN,"34.7578,113.6486"
103.45.118.29,"{'asn': 'AS63612', 'name': 'Shenzhen Qianhai bird cloud computing Co. Ltd.', 'domain': 'cnnic.cn', 'route': '103.45.118.0/24', 'type': 'hosting'}",Shenzhen,Guangdong,CN,"22.5455,114.0683"
94.183.154.133,"{'asn': 'AS31549', 'name': 'Aria Shatel Company Ltd', 'domain': 'shatel.ir', 'route': '94.183.144.0/20', 'type': 'isp'}",Shiraz,Fars,IR,"29.6103,52.5311"
122.114.75.24,"{'asn': 'AS4837', 'name': 'CHINA UNICOM China169 Backbone', 'domain': 'chinaunicom.cn', 'route': '122.114.0.0/16', 'type': 'isp'}",Zhengzhou,Henan,CN,"34.7578,113.6486"
47.102.224.184,"{'asn': 'AS37963', 'name': 'Hangzhou Alibaba Advertising Co.,Ltd.', 'domain': 'alibabagroup.com', 'route': '47.102.0.0/15', 'type': 'business'}",Shanghai,Shanghai,CN,"31.2222,121.4581"
115.231.218.168,"{'asn': 'AS58461', 'name': 'CT-HangZhou-IDC', 'domain': 'chinatelecom.cn', 'route': '115.231.216.0/21', 'type': 'hosting'}",Shaoxing,Zhejiang,CN,"30.0024,120.5786"
202.121.105.42,"{'asn': 'AS4538', 'name': 'China Education and Research Network Center', 'domain': 'cernet.edu.cn', 'route': '202.121.0.0/16', 'type': 'education'}",Shanghai,Shanghai,CN,"31.2222,121.4581"
218.242.129.175,"{'asn': 'AS9812', 'name': 'Oriental Cable Network Co., Ltd.', 'domain': 'scn.com.cn', 'route': '218.242.128.0/18', 'type': 'isp'}",Shanghai,Shanghai,CN,"31.2222,121.4581"
211.192.64.43,"{'asn': 'AS4766', 'name': 'Korea Telecom', 'domain': 'kt.com', 'route': '211.192.0.0/13', 'type': 'isp'}",Seoul,Seoul,KR,"37.5660,126.9784"
175.116.222.79,"{'asn': 'AS9318', 'name': 'SK Broadband Co Ltd', 'domain': 'skbroadband.com', 'route': '175.112.0.0/13', 'type': 'isp'}",Seongnam-si,Gyeonggi-do,KR,"37.3541,127.1127"
223.5.179.217,"{'asn': 'AS37963', 'name': 'Hangzhou Alibaba Advertising Co.,Ltd.', 'domain': 'alibabagroup.com', 'route': '223.4.0.0/15', 'type': 'business'}",Hangzhou,Zhejiang,CN,"30.2936,120.1614"
223.70.135.142,"{'asn': 'AS56048', 'name': 'China Mobile Communicaitons Corporation', 'domain': 'chinamobile.com', 'route': '223.70.0.0/15', 'type': 'isp'}",Beijing,Beijing,CN,"39.9075,116.3972"
183.134.23.101,"{'asn': 'AS4134', 'name': 'CHINANET-BACKBONE', 'domain': 'chinatelecom.com.cn', 'route': '183.128.0.0/11', 'type': 'isp'}",Hangzhou,Zhejiang,CN,"30.2936,120.1614"
103.21.142.123,"{'asn': 'AS4811', 'name': 'China Telecom (Group)', 'domain': 'chinatelecom.com.cn', 'route': '103.21.142.0/23', 'type': 'isp'}",Shanghai,Shanghai,CN,"31.2222,121.4581"
58.210.227.58,"{'asn': 'AS4134', 'name': 'CHINANET-BACKBONE', 'domain': 'chinatelecom.com.cn', 'route': '58.208.0.0/12', 'type': 'isp'}",Nanjing,Jiangsu,CN,"32.0617,118.7778"
218.98.100.165,"{'asn': 'AS133775', 'name': 'Xiamen', 'domain': 'chinatelecom.cn', 'route': '218.98.96.0/21', 'type': 'isp'}",Xiamen,Fujian,CN,"24.4798,118.0819"
103.36.60.116,"{'asn': 'AS134771', 'name': 'WENZHOU, ZHEJIANG Province, P.R.China.', 'domain': 'chinatelecom.cn', 'route': '103.36.60.0/23', 'type': 'isp'}",Wenzhou,Zhejiang,CN,"27.9994,120.6668"
47.96.193.52,"{'asn': 'AS37963', 'name': 'Hangzhou Alibaba Advertising Co.,Ltd.', 'domain': 'alibabagroup.com', 'route': '47.96.0.0/16', 'type': 'business'}",Hangzhou,Zhejiang,CN,"30.2936,120.1614"
42.193.82.135,"{'asn': 'AS45090', 'name': 'Shenzhen Tencent Computer Systems Company Limited', 'domain': 'tencent.com', 'route': '42.193.80.0/22', 'type': 'hosting'}",Shenzhen,Guangdong,CN,"22.5455,114.0683"
59.63.199.182,"{'asn': 'AS134238', 'name': 'CHINANET Jiangx province IDC network', 'domain': 'chinatelecom.cn', 'route': '59.63.192.0/21', 'type': 'isp'}",Nanchang,Jiangxi,CN,"28.6840,115.8531"
211.152.44.34,"{'asn': 'AS4811', 'name': 'China Telecom (Group)', 'domain': 'chinatelecom.com.cn', 'route': '211.152.40.0/21', 'type': 'isp'}",Shanghai,Shanghai,CN,"31.2222,121.4581"
103.125.9.229,"{'asn': 'AS17995', 'name': 'PT iForte Global Internet', 'domain': 'iforte.co.id', 'route': '103.125.8.0/23', 'type': 'isp'}",Sorendiweri,Papua,ID,"-0.7339,135.7361"
180.201.98.229,"{'asn': 'AS4538', 'name': 'China Education and Research Network Center', 'domain': 'cernet.edu.cn', 'route': '180.201.96.0/20', 'type': 'education'}",Haidian,Beijing,CN,"39.9906,116.2887"
190.85.69.170,"{'asn': 'AS14080', 'name': 'Telmex Colombia S.A.', 'domain': 'claro.com.co', 'route': '190.85.64.0/19', 'type': 'isp'}",Bogotá,Bogota D.C.,CO,"4.6097,-74.0817"
101.67.15.113,"{'asn': 'AS4837', 'name': 'CHINA UNICOM China169 Backbone', 'domain': 'chinaunicom.cn', 'route': '101.67.0.0/16', 'type': 'isp'}",Jiaxing,Zhejiang,CN,"30.7522,120.7500"
8.146.246.15,"{'asn': 'AS37963', 'name': 'Hangzhou Alibaba Advertising Co.,Ltd.', 'domain': 'alibabagroup.com', 'route': '8.146.0.0/15', 'type': 'business'}",Beijing,Beijing,CN,"39.9075,116.3972"
45.125.59.227,"{'asn': 'AS139007', 'name': 'UNICOM InnerMongolia province network', 'domain': 'hh.nm.cn', 'route': '45.125.59.0/24', 'type': 'isp'}",Beijing,Beijing,CN,"39.9075,116.3972"
202.121.110.81,"{'asn': 'AS4538', 'name': 'China Education and Research Network Center', 'domain': 'cernet.edu.cn', 'route': '202.121.0.0/16', 'type': 'education'}",Shanghai,Shanghai,CN,"31.2222,121.4581"
36.151.194.24,"{'asn': 'AS56046', 'name': 'China Mobile communications corporation', 'domain': 'chinamobile.com', 'route': '36.151.192.0/21', 'type': 'isp'}",Nanjing,Jiangsu,CN,"32.0617,118.7778"
8.146.246.154,"{'asn': 'AS37963', 'name': 'Hangzhou Alibaba Advertising Co.,Ltd.', 'domain': 'alibabagroup.com', 'route': '8.146.0.0/15', 'type': 'business'}",Beijing,Beijing,CN,"39.9075,116.3972"
103.45.109.208,"{'asn': 'AS63612', 'name': 'Shenzhen Qianhai bird cloud computing Co. Ltd.', 'domain': 'cnnic.cn', 'route': '103.45.109.0/24', 'type': 'hosting'}",Zhangjiakou,Hebei,CN,"40.7834,114.8714"
103.45.114.214,"{'asn': 'AS63612', 'name': 'Shenzhen Qianhai bird cloud computing Co. Ltd.', 'domain': 'cnnic.cn', 'route': '103.45.114.0/24', 'type': 'hosting'}",Zhangjiakou,Hebei,CN,"40.7834,114.8714"
119.145.128.214,"{'asn': 'AS4134', 'name': 'CHINANET-BACKBONE', 'domain': 'chinatelecom.com.cn', 'route': '119.144.0.0/14', 'type': 'isp'}",Shenzhen,Guangdong,CN,"22.5455,114.0683"
207.46.151.63,"{'asn': 'AS8075', 'name': 'Microsoft Corporation', 'domain': 'microsoft.com', 'route': '207.46.128.0/17', 'type': 'business'}",Hong Kong,Hong Kong,HK,"22.2783,114.1747"
211.152.44.112,"{'asn': 'AS4811', 'name': 'China Telecom (Group)', 'domain': 'chinatelecom.com.cn', 'route': '211.152.40.0/21', 'type': 'isp'}",Shanghai,Shanghai,CN,"31.2222,121.4581"
103.41.232.43,"{'asn': 'AS58466', 'name': 'CHINANET Guangdong province network', 'domain': 'chinatelecom.cn', 'route': '103.41.232.0/24', 'type': 'isp'}",Shenzhen,Guangdong,CN,"22.5455,114.0683"
211.152.33.230,"{'asn': 'AS4811', 'name': 'China Telecom (Group)', 'domain': 'chinatelecom.com.cn', 'route': '211.152.32.0/21', 'type': 'isp'}",Shanghai,Shanghai,CN,"31.2222,121.4581"
162.159.51.206,"{'asn': 'AS13335', 'name': 'Cloudflare, Inc.', 'domain': 'cloudflare.com', 'route': '162.159.48.0/20', 'type': 'hosting'}",San Francisco,California,US,"37.7621,-122.3971"
219.143.73.137,"{'asn': 'AS4847', 'name': 'China Networks Inter-Exchange', 'domain': 'bta.net.cn', 'route': '219.143.0.0/16', 'type': 'isp'}",Beijing,Beijing,CN,"39.9075,116.3972"
183.242.50.154,"{'asn': 'AS56048', 'name': 'China Mobile Communicaitons Corporation', 'domain': 'chinamobile.com', 'route': '183.242.0.0/15', 'type': 'isp'}",Beijing,Beijing,CN,"39.9075,116.3972"
119.41.173.114,"{'asn': 'AS4134', 'name': 'CHINANET-BACKBONE', 'domain': 'chinatelecom.com.cn', 'route': '119.41.0.0/16', 'type': 'isp'}",Haikou,Hainan,CN,"20.0342,110.3465"
116.211.146.64,"{'asn': 'AS58563', 'name': 'CHINANET Hubei province network', 'domain': 'chinatelecom.cn', 'route': '116.211.144.0/21', 'type': 'isp'}",Wuhan,Hubei,CN,"30.5833,114.2667"
103.193.193.107,"{'asn': 'AS139007', 'name': 'UNICOM InnerMongolia province network', 'domain': 'hh.nm.cn', 'route': '103.193.193.0/24', 'type': 'isp'}",Beijing,Beijing,CN,"39.9075,116.3972"
113.113.81.229,"{'asn': 'AS4134', 'name': 'CHINANET-BACKBONE', 'domain': 'chinatelecom.com.cn', 'route': '113.112.0.0/13', 'type': 'isp'}",Shenzhen,Guangdong,CN,"22.5455,114.0683"
211.152.62.223,"{'asn': 'AS4811', 'name': 'China Telecom (Group)', 'domain': 'chinatelecom.com.cn', 'route': '211.152.48.0/20', 'type': 'isp'}",Shanghai,Shanghai,CN,"31.2222,121.4581"
103.143.103.43,"{'asn': 'AS9875', 'name': 'PT. Pasifik Satelit Nusantara', 'domain': 'psn.co.id', 'route': '103.143.102.0/23', 'type': 'isp'}",Bambor,East Nusa Tenggara,ID,"-8.6126,120.0598"
103.45.116.113,"{'asn': 'AS63612', 'name': 'Shenzhen Qianhai bird cloud computing Co. Ltd.', 'domain': 'cnnic.cn', 'route': '103.45.116.0/24', 'type': 'hosting'}",Zhangjiakou,Hebei,CN,"40.7834,114.8714"
84.83.109.146,"{'asn': 'AS1136', 'name': 'KPN B.V.', 'domain': 'idstrategy.com.ua', 'route': '84.82.0.0/15', 'type': 'isp'}",Amsterdam,North Holland,NL,"52.3740,4.8897"
211.152.35.243,"{'asn': 'AS4811', 'name': 'China Telecom (Group)', 'domain': 'chinatelecom.com.cn', 'route': '211.152.32.0/21', 'type': 'isp'}",Shanghai,Shanghai,CN,"31.2222,121.4581"
45.119.104.231,"{'asn': 'AS4847', 'name': 'China Networks Inter-Exchange', 'domain': 'bta.net.cn', 'route': '45.119.104.0/24', 'type': 'isp'}",Beijing,Beijing,CN,"39.9075,116.3972"
47.113.22.8,"{'asn': 'AS37963', 'name': 'Hangzhou Alibaba Advertising Co.,Ltd.', 'domain': 'alibabagroup.com', 'route': '47.113.0.0/16', 'type': 'business'}",Shenzhen,Guangdong,CN,"22.5455,114.0683"
211.152.36.130,"{'asn': 'AS4811', 'name': 'China Telecom (Group)', 'domain': 'chinatelecom.com.cn', 'route': '211.152.32.0/21', 'type': 'isp'}",Shanghai,Shanghai,CN,"31.2222,121.4581"
115.155.190.86,"{'asn': 'AS4538', 'name': 'China Education and Research Network Center', 'domain': 'cernet.edu.cn', 'route': '115.155.176.0/20', 'type': 'education'}",Haidian,Beijing,CN,"39.9906,116.2887"
114.117.131.31,"{'asn': 'AS45090', 'name': 'Shenzhen Tencent Computer Systems Company Limited', 'domain': 'tencent.com', 'route': '114.117.128.0/21', 'type': 'hosting'}",Beijing,Beijing,CN,"39.9075,116.3972"
115.155.191.155,"{'asn': 'AS4538', 'name': 'China Education and Research Network Center', 'domain': 'cernet.edu.cn', 'route': '115.155.176.0/20', 'type': 'education'}",Haidian,Beijing,CN,"39.9906,116.2887"
113.113.81.224,"{'asn': 'AS4134', 'name': 'CHINANET-BACKBONE', 'domain': 'chinatelecom.com.cn', 'route': '113.112.0.0/13', 'type': 'isp'}",Shenzhen,Guangdong,CN,"22.5455,114.0683"
211.152.54.205,"{'asn': 'AS4811', 'name': 'China Telecom (Group)', 'domain': 'chinatelecom.com.cn', 'route': '211.152.48.0/20', 'type': 'isp'}",Shanghai,Shanghai,CN,"31.2222,121.4581"
125.120.169.161,"{'asn': 'AS4134', 'name': 'CHINANET-BACKBONE', 'domain': 'chinatelecom.com.cn', 'route': '125.112.0.0/12', 'type': 'isp'}",Hangzhou,Zhejiang,CN,"30.2936,120.1614"
111.202.53.207,"{'asn': 'AS4808', 'name': 'China Unicom Beijing Province Network', 'domain': 'chinaunicom.cn', 'route': '111.202.0.0/18', 'type': 'isp'}",Beijing,Beijing,CN,"39.9075,116.3972"
58.53.128.34,"{'asn': 'AS4134', 'name': 'CHINANET-BACKBONE', 'domain': 'chinatelecom.com.cn', 'route': '58.48.0.0/13', 'type': 'isp'}",Wuhan,Hubei,CN,"30.5833,114.2667"
45.90.30.194,"{'asn': 'AS34939', 'name': 'nextdns, Inc.', 'domain': 'nextdns.io', 'route': '45.90.30.0/24', 'type': 'business'}",Wilmington,Delaware,US,"39.7564,-75.5340"
180.97.151.70,"{'asn': 'AS140292', 'name': 'CHINATELECOM Jiangsu province Suzhou 5G network', 'domain': 'chinatelecom.cn', 'route': '180.97.144.0/21', 'type': 'isp'}",Nanjing,Jiangsu,CN,"32.0617,118.7778"
211.83.1.42,"{'asn': 'AS4538', 'name': 'China Education and Research Network Center', 'domain': 'cernet.edu.cn', 'route': '211.83.0.0/20', 'type': 'education'}",Chengdu,Sichuan,CN,"30.6667,104.0667"
125.64.11.161,"{'asn': 'AS38283', 'name': 'CHINANET SiChuan Telecom Internet Data Center', 'domain': 'chinatelecom.cn', 'route': '125.64.11.0/24', 'type': 'hosting'}",Deyang,Sichuan,CN,"31.1302,104.3820"
47.93.94.104,"{'asn': 'AS37963', 'name': 'Hangzhou Alibaba Advertising Co.,Ltd.', 'domain': 'alibabagroup.com', 'route': '47.92.0.0/15', 'type': 'business'}",Beijing,Beijing,CN,"39.9075,116.3972"
111.206.135.96,"{'asn': 'AS4808', 'name': 'China Unicom Beijing Province Network', 'domain': 'chinaunicom.cn', 'route': '111.206.128.0/18', 'type': 'isp'}",Beijing,Beijing,CN,"39.9075,116.3972"
211.64.175.197,"{'asn': 'AS4538', 'name': 'China Education and Research Network Center', 'domain': 'cernet.edu.cn', 'route': '211.64.160.0/19', 'type': 'education'}",Shanghai,Shanghai,CN,"31.2222,121.4581"
58.49.146.254,"{'asn': 'AS58563', 'name': 'CHINANET Hubei province network', 'domain': 'chinatelecom.cn', 'route': '58.49.144.0/21', 'type': 'isp'}",Wuhan,Hubei,CN,"30.5833,114.2667"
45.119.106.73,"{'asn': 'AS4847', 'name': 'China Networks Inter-Exchange', 'domain': 'bta.net.cn', 'route': '45.119.106.0/24', 'type': 'isp'}",Beijing,Beijing,CN,"39.9075,116.3972"
123.178.106.37,"{'asn': 'AS4134', 'name': 'CHINANET-BACKBONE', 'domain': 'chinatelecom.com.cn', 'route': '123.178.0.0/15', 'type': 'isp'}",Beijing,Beijing,CN,"39.9075,116.3972"
218.29.188.124,"{'asn': 'AS4837', 'name': 'CHINA UNICOM China169 Backbone', 'domain': 'chinaunicom.cn', 'route': '218.28.0.0/15', 'type': 'isp'}",Zhengzhou,Henan,CN,"34.7578,113.6486"
211.95.59.151,"{'asn': 'AS17621', 'name': 'China Unicom Shanghai network', 'domain': 'chinaunicom.cn', 'route': '211.95.0.0/17', 'type': 'isp'}",Shanghai,Shanghai,CN,"31.2222,121.4581"
115.155.180.47,"{'asn': 'AS4538', 'name': 'China Education and Research Network Center', 'domain': 'cernet.edu.cn', 'route': '115.155.176.0/20', 'type': 'education'}",Haidian,Beijing,CN,"39.9906,116.2887"
8.146.242.82,"{'asn': 'AS37963', 'name': 'Hangzhou Alibaba Advertising Co.,Ltd.', 'domain': 'alibabagroup.com', 'route': '8.146.0.0/15', 'type': 'business'}",Beijing,Beijing,CN,"39.9075,116.3972"
194.5.54.72,"{'asn': 'AS48214', 'name': 'Atis Omran Sevin PSJ', 'domain': 'lordvps.net', 'route': '194.5.54.0/24', 'type': 'business'}",Shiraz,Fars,IR,"29.6103,52.5311"
211.99.9.97,"{'asn': 'AS9814', 'name': 'Beijing FibrLINK Networks Co.,Ltd.', 'domain': 'fibrlink.com', 'route': '211.99.9.0/24', 'type': 'isp'}",Beijing,Beijing,CN,"39.9075,116.3972"
47.93.93.231,"{'asn': 'AS37963', 'name': 'Hangzhou Alibaba Advertising Co.,Ltd.', 'domain': 'alibabagroup.com', 'route': '47.92.0.0/15', 'type': 'business'}",Beijing,Beijing,CN,"39.9075,116.3972"
101.37.42.5,"{'asn': 'AS37963', 'name': 'Hangzhou Alibaba Advertising Co.,Ltd.', 'domain': 'alibabagroup.com', 'route': '101.37.0.0/17', 'type': 'business'}",Hangzhou,Zhejiang,CN,"30.2936,120.1614"
59.110.244.188,"{'asn': 'AS37963', 'name': 'Hangzhou Alibaba Advertising Co.,Ltd.', 'domain': 'alibabagroup.com', 'route': '59.110.128.0/17', 'type': 'business'}",Beijing,Beijing,CN,"39.9075,116.3972"
110.15.88.144,"{'asn': 'AS9318', 'name': 'SK Broadband Co Ltd', 'domain': 'skbroadband.com', 'route': '110.15.0.0/16', 'type': 'isp'}",Seongnam-si,Gyeonggi-do,KR,"37.4386,127.1378"
222.211.87.179,"{'asn': 'AS38283', 'name': 'CHINANET SiChuan Telecom Internet Data Center', 'domain': 'chinatelecom.cn', 'route': '222.211.87.0/24', 'type': 'hosting'}",Mianyang,Sichuan,CN,"31.4678,104.6817"
103.193.190.59,"{'asn': 'AS139007', 'name': 'UNICOM InnerMongolia province network', 'domain': 'hh.nm.cn', 'route': '103.193.190.0/24', 'type': 'isp'}",Beijing,Beijing,CN,"39.9075,116.3972"
222.73.134.171,"{'asn': 'AS4812', 'name': 'China Telecom (Group)', 'domain': 'chinatelecom.com.cn', 'route': '222.73.0.0/16', 'type': 'isp'}",Shanghai,Shanghai,CN,"31.2222,121.4581"
223.4.220.48,"{'asn': 'AS37963', 'name': 'Hangzhou Alibaba Advertising Co.,Ltd.', 'domain': 'alibabagroup.com', 'route': '223.4.0.0/15', 'type': 'business'}",Hangzhou,Zhejiang,CN,"30.2936,120.1614"
123.129.211.51,"{'asn': 'AS4837', 'name': 'CHINA UNICOM China169 Backbone', 'domain': 'chinaunicom.cn', 'route': '123.128.0.0/13', 'type': 'isp'}",Qingdao,Shandong,CN,"36.0649,120.3804"
123.99.195.12,"{'asn': 'AS58461', 'name': 'CT-HangZhou-IDC', 'domain': 'chinatelecom.cn', 'route': '123.99.192.0/18', 'type': 'hosting'}",Jiefang,Zhejiang,CN,"30.7782,120.7633"
115.155.177.35,"{'asn': 'AS4538', 'name': 'China Education and Research Network Center', 'domain': 'cernet.edu.cn', 'route': '115.155.176.0/20', 'type': 'education'}",Haidian,Beijing,CN,"39.9906,116.2887"
115.155.183.79,"{'asn': 'AS4538', 'name': 'China Education and Research Network Center', 'domain': 'cernet.edu.cn', 'route': '115.155.176.0/20', 'type': 'education'}",Haidian,Beijing,CN,"39.9906,116.2887"
45.90.31.131,"{'asn': 'AS34939', 'name': 'nextdns, Inc.', 'domain': 'nextdns.io', 'route': '45.90.31.0/24', 'type': 'business'}",Wilmington,Delaware,US,"39.7564,-75.5340"
183.134.60.195,"{'asn': 'AS58461', 'name': 'CT-HangZhou-IDC', 'domain': 'chinatelecom.cn', 'route': '183.134.60.0/22', 'type': 'hosting'}",Jiaxing,Zhejiang,CN,"30.7522,120.7500"
8.139.73.189,"{'asn': 'AS37963', 'name': 'Hangzhou Alibaba Advertising Co.,Ltd.', 'domain': 'alibabagroup.com', 'route': '8.139.0.0/17', 'type': 'business'}",Hangzhou,Zhejiang,CN,"30.2936,120.1614"
111.207.59.42,"{'asn': 'AS4808', 'name': 'China Unicom Beijing Province Network', 'domain': 'chinaunicom.cn', 'route': '111.207.0.0/18', 'type': 'isp'}",Beijing,Beijing,CN,"39.9075,116.3972"
211.64.178.161,"{'asn': 'AS4538', 'name': 'China Education and Research Network Center', 'domain': 'cernet.edu.cn', 'route': '211.64.160.0/19', 'type': 'education'}",Haidian,Beijing,CN,"39.9906,116.2887"
60.205.172.109,"{'asn': 'AS37963', 'name': 'Hangzhou Alibaba Advertising Co.,Ltd.', 'domain': 'alibabagroup.com', 'route': '60.205.128.0/17', 'type': 'business'}",Beijing,Beijing,CN,"39.9075,116.3972"
103.21.140.227,"{'asn': 'AS4811', 'name': 'China Telecom (Group)', 'domain': 'chinatelecom.com.cn', 'route': '103.21.140.0/23', 'type': 'isp'}",Shanghai,Shanghai,CN,"31.2222,121.4581"
123.133.84.66,"{'asn': 'AS4837', 'name': 'CHINA UNICOM China169 Backbone', 'domain': 'chinaunicom.cn', 'route': '123.128.0.0/13', 'type': 'isp'}",Qingdao,Shandong,CN,"36.0649,120.3804"
123.99.200.176,"{'asn': 'AS58461', 'name': 'CT-HangZhou-IDC', 'domain': 'chinatelecom.cn', 'route': '123.99.192.0/18', 'type': 'hosting'}",Jiefang,Zhejiang,CN,"30.7782,120.7633"
222.77.181.43,"{'asn': 'AS133774', 'name': 'Fuzhou', 'domain': 'chinatelecom.cn', 'route': '222.77.181.0/24', 'type': 'isp'}",Xiamen,Fujian,CN,"24.4798,118.0819"
119.23.80.83,"{'asn': 'AS37963', 'name': 'Hangzhou Alibaba Advertising Co.,Ltd.', 'domain': 'alibabagroup.com', 'route': '119.23.0.0/17', 'type': 'business'}",Shenzhen,Guangdong,CN,"22.5455,114.0683"
114.117.141.116,"{'asn': 'AS45090', 'name': 'Shenzhen Tencent Computer Systems Company Limited', 'domain': 'tencent.com', 'route': '114.117.140.0/22', 'type': 'hosting'}",Shenzhen,Guangdong,CN,"22.5455,114.0683"
47.101.238.170,"{'asn': 'AS37963', 'name': 'Hangzhou Alibaba Advertising Co.,Ltd.', 'domain': 'alibabagroup.com', 'route': '47.100.0.0/15', 'type': 'business'}",Shanghai,Shanghai,CN,"31.2222,121.4581"
103.45.107.62,"{'asn': 'AS63612', 'name': 'Shenzhen Qianhai bird cloud computing Co. Ltd.', 'domain': 'cnnic.cn', 'route': '103.45.107.0/24', 'type': 'hosting'}",Zhangjiakou,Hebei,CN,"40.7834,114.8714"
112.6.101.46,"{'asn': 'AS24444', 'name': 'Shandong Mobile Communication Company Limited', 'domain': 'chinamobile.com', 'route': '112.6.96.0/21', 'type': 'isp'}",Qingdao,Shandong,CN,"36.0649,120.3804"
162.159.50.171,"{'asn': 'AS13335', 'name': 'Cloudflare, Inc.', 'domain': 'cloudflare.com', 'route': '162.159.48.0/20', 'type': 'hosting'}",San Francisco,California,US,"37.7621,-122.3971"
115.231.218.107,"{'asn': 'AS58461', 'name': 'CT-HangZhou-IDC', 'domain': 'chinatelecom.cn', 'route': '115.231.216.0/21', 'type': 'hosting'}",Shaoxing,Zhejiang,CN,"30.0024,120.5786"
185.120.222.74,"{'asn': 'AS43754', 'name': 'Asiatech Data Transmission company', 'domain': 'asiatech.ir', 'route': '185.120.220.0/22', 'type': 'hosting'}",Shiraz,Fars,IR,"29.6103,52.5311"
45.119.106.94,"{'asn': 'AS4847', 'name': 'China Networks Inter-Exchange', 'domain': 'bta.net.cn', 'route': '45.119.106.0/24', 'type': 'isp'}",Beijing,Beijing,CN,"39.9075,116.3972"
202.100.40.77,"{'asn': 'AS4134', 'name': 'CHINANET-BACKBONE', 'domain': 'chinatelecom.com.cn', 'route': '202.100.0.0/18', 'type': 'isp'}",Xi’an,Shaanxi,CN,"34.2583,108.9286"
39.96.249.152,"{'asn': 'AS37963', 'name': 'Hangzhou Alibaba Advertising Co.,Ltd.', 'domain': 'alibabagroup.com', 'route': '39.96.0.0/14', 'type': 'business'}",Beijing,Beijing,CN,"39.9075,116.3972"
183.134.62.226,"{'asn': 'AS58461', 'name': 'CT-HangZhou-IDC', 'domain': 'chinatelecom.cn', 'route': '183.134.60.0/22', 'type': 'hosting'}",Jiaxing,Zhejiang,CN,"30.7522,120.7500"
103.45.131.138,"{'asn': 'AS63612', 'name': 'Shenzhen Qianhai bird cloud computing Co. Ltd.', 'domain': 'cnnic.cn', 'route': '103.45.131.0/24', 'type': 'hosting'}",Zhangjiakou,Hebei,CN,"40.7834,114.8714"
47.110.175.155,"{'asn': 'AS37963', 'name': 'Hangzhou Alibaba Advertising Co.,Ltd.', 'domain': 'alibabagroup.com', 'route': '47.110.0.0/16', 'type': 'business'}",Hangzhou,Zhejiang,CN,"30.2936,120.1614"
38.254.162.9,"{'asn': 'AS133982', 'name': 'Excitel Broadband Private Limited', 'domain': 'excitel.com', 'route': '38.254.162.0/24', 'type': 'isp'}",Deoli,Delhi,IN,"28.5345,77.2779"
140.210.27.15,"{'asn': 'AS137697', 'name': 'CHINATELECOM JiangSu YangZhou IDC networkdescr: YangZhou , Jiangsu Province, P.R.China.', 'domain': 'chinatelecom.cn', 'route': '140.210.16.0/20', 'type': 'isp'}",Nanjing,Jiangsu,CN,"32.0617,118.7778"
123.133.84.61,"{'asn': 'AS4837', 'name': 'CHINA UNICOM China169 Backbone', 'domain': 'chinaunicom.cn', 'route': '123.128.0.0/13', 'type': 'isp'}",Qingdao,Shandong,CN,"36.0649,120.3804"
103.125.5.250,"{'asn': 'AS17995', 'name': 'PT iForte Global Internet', 'domain': 'iforte.co.id', 'route': '103.125.4.0/23', 'type': 'isp'}",Ketapang,Lampung,ID,"-4.7134,104.7995"
39.107.196.128,"{'asn': 'AS37963', 'name': 'Hangzhou Alibaba Advertising Co.,Ltd.', 'domain': 'alibabagroup.com', 'route': '39.106.0.0/15', 'type': 'business'}",Beijing,Beijing,CN,"39.9075,116.3972"
185.119.89.64,"{'asn': 'AS207604', 'name': 'United Internet Ltd.', 'domain': 'united.rs', 'route': '185.119.89.0/24', 'type': 'hosting'}",Mladenovac,Central Serbia,RS,"44.4386,20.6992"
162.159.46.144,"{'asn': 'AS13335', 'name': 'Cloudflare, Inc.', 'domain': 'cloudflare.com', 'route': '162.159.46.0/24', 'type': 'hosting'}",San Francisco,California,US,"37.7621,-122.3971"
103.157.190.94,"{'asn': 'AS17995', 'name': 'PT iForte Global Internet', 'domain': 'iforte.co.id', 'route': '103.157.190.0/24', 'type': 'isp'}",Jakarta,Jakarta,ID,"-6.2146,106.8451"
39.107.194.236,"{'asn': 'AS37963', 'name': 'Hangzhou Alibaba Advertising Co.,Ltd.', 'domain': 'alibabagroup.com', 'route': '39.106.0.0/15', 'type': 'business'}",Beijing,Beijing,CN,"39.9075,116.3972"
43.248.136.7,"{'asn': 'AS23650', 'name': 'AS Number for CHINANET jiangsu province backbone', 'domain': 'rtat.net', 'route': '43.248.128.0/20', 'type': 'hosting'}",Nanjing,Jiangsu,CN,"32.0617,118.7778"
103.219.32.208,"{'asn': 'AS56041', 'name': 'China Mobile communications corporation', 'domain': 'chinamobile.com', 'route': '103.219.32.0/22', 'type': 'isp'}",Hangzhou,Zhejiang,CN,"30.2936,120.1614"
103.45.153.57,"{'asn': 'AS63612', 'name': 'Shenzhen Qianhai bird cloud computing Co. Ltd.', 'domain': 'cnnic.cn', 'route': '103.45.153.0/24', 'type': 'hosting'}",Zhangjiakou,Hebei,CN,"40.7834,114.8714"
120.224.234.69,"{'asn': 'AS24444', 'name': 'Shandong Mobile Communication Company Limited', 'domain': 'chinamobile.com', 'route': '120.224.232.0/22', 'type': 'isp'}",Qingdao,Shandong,CN,"36.0649,120.3804"
182.150.0.234,"{'asn': 'AS38283', 'name': 'CHINANET SiChuan Telecom Internet Data Center', 'domain': 'chinatelecom.cn', 'route': '182.150.0.0/24', 'type': 'hosting'}",Chengdu,Sichuan,CN,"30.6667,104.0667"
200.68.55.212,"{'asn': 'AS16629', 'name': 'CTC. CORP S.A. (TELEFONICA EMPRESAS)', 'domain': 'movistar.cl', 'route': '200.68.0.0/18', 'type': 'isp'}",Santiago,Santiago Metropolitan,CL,"-33.4569,-70.6483"
118.253.175.45,"{'asn': 'AS63835', 'name': 'CT-HuNan-Changsha-IDC', 'domain': '189.cn', 'route': '118.253.128.0/17', 'type': 'hosting'}",Changsha,Hunan,CN,"28.1987,112.9709"
211.152.39.5,"{'asn': 'AS4811', 'name': 'China Telecom (Group)', 'domain': 'chinatelecom.com.cn', 'route': '211.152.39.0/24', 'type': 'isp'}",Shanghai,Shanghai,CN,"31.2222,121.4581"
103.127.54.170,"{'asn': 'AS17995', 'name': 'PT iForte Global Internet', 'domain': 'iforte.co.id', 'route': '103.127.54.0/23', 'type': 'isp'}",Sumbawa Besar,West Nusa Tenggara,ID,"-8.4932,117.4202"
221.127.9.73,"{'asn': 'AS9304', 'name': 'HGC Global Communications Limited', 'domain': 'hgc-intl.com', 'route': '221.127.0.0/18', 'type': 'isp'}",Queen's Terrace,Central and Western,HK,"22.2870,114.1472"
211.86.1.51,"{'asn': 'AS4538', 'name': 'China Education and Research Network Center', 'domain': 'cernet.edu.cn', 'route': '211.86.0.0/21', 'type': 'education'}",Haidian,Beijing,CN,"39.9906,116.2887"
39.107.194.74,"{'asn': 'AS37963', 'name': 'Hangzhou Alibaba Advertising Co.,Ltd.', 'domain': 'alibabagroup.com', 'route': '39.106.0.0/15', 'type': 'business'}",Beijing,Beijing,CN,"39.9075,116.3972"
223.113.240.41,"{'asn': 'AS56046', 'name': 'China Mobile communications corporation', 'domain': 'chinamobile.com', 'route': '223.113.240.0/21', 'type': 'isp'}",Changzhou,Jiangsu,CN,"31.7736,119.9540"
211.137.215.45,"{'asn': 'AS134810', 'name': 'China Mobile Group JiLin communications corporation', 'domain': 'chinamobile.com', 'route': '211.137.208.0/20', 'type': 'isp'}",Jilin,Jilin,CN,"43.8508,126.5603"
103.193.192.44,"{'asn': 'AS139007', 'name': 'UNICOM InnerMongolia province network', 'domain': 'hh.nm.cn', 'route': '103.193.192.0/24', 'type': 'isp'}",Beijing,Beijing,CN,"39.9075,116.3972"
47.102.226.105,"{'asn': 'AS37963', 'name': 'Hangzhou Alibaba Advertising Co.,Ltd.', 'domain': 'alibabagroup.com', 'route': '47.102.0.0/15', 'type': 'business'}",Shanghai,Shanghai,CN,"31.2222,121.4581"
103.45.116.1,"{'asn': 'AS63612', 'name': 'Shenzhen Qianhai bird cloud computing Co. Ltd.', 'domain': 'cnnic.cn', 'route': '103.45.116.0/24', 'type': 'hosting'}",Zhangjiakou,Hebei,CN,"40.7834,114.8714"
47.102.225.148,"{'asn': 'AS37963', 'name': 'Hangzhou Alibaba Advertising Co.,Ltd.', 'domain': 'alibabagroup.com', 'route': '47.102.0.0/15', 'type': 'business'}",Shanghai,Shanghai,CN,"31.2222,121.4581"
221.231.139.35,"{'asn': 'AS137702', 'name': 'Nanjing, Jiangsu Province, P.R.China.', 'domain': 'chinatelecom.cn', 'route': '221.231.136.0/21', 'type': 'isp'}",Nanjing,Jiangsu,CN,"32.0617,118.7778"
183.242.254.21,"{'asn': 'AS56048', 'name': 'China Mobile Communicaitons Corporation', 'domain': 'chinamobile.com', 'route': '183.242.0.0/15', 'type': 'isp'}",Beijing,Beijing,CN,"39.9075,116.3972"
103.164.106.158,"{'asn': 'AS17995', 'name': 'PT iForte Global Internet', 'domain': 'iforte.co.id', 'route': '103.164.106.0/24', 'type': 'isp'}",Poso,Central Sulawesi,ID,"-1.3959,120.7524"
221.231.6.9,"{'asn': 'AS4134', 'name': 'CHINANET-BACKBONE', 'domain': 'chinatelecom.com.cn', 'route': '221.224.0.0/13', 'type': 'isp'}",Yancheng,Jiangsu,CN,"33.3575,120.1573"
47.96.196.135,"{'asn': 'AS37963', 'name': 'Hangzhou Alibaba Advertising Co.,Ltd.', 'domain': 'alibabagroup.com', 'route': '47.96.0.0/16', 'type': 'business'}",Hangzhou,Zhejiang,CN,"30.2936,120.1614"
73.113.236.170,"{'asn': 'AS7922', 'name': 'Comcast Cable Communications, LLC', 'domain': 'comcast.com', 'route': '73.0.0.0/8', 'type': 'isp'}",Augusta,Georgia,US,"33.4710,-81.9748"
162.159.56.189,"{'asn': 'AS13335', 'name': 'Cloudflare, Inc.', 'domain': 'cloudflare.com', 'route': '162.159.48.0/20', 'type': 'hosting'}",San Francisco,California,US,"37.7621,-122.3971"
119.0.127.220,"{'asn': 'AS4134', 'name': 'CHINANET-BACKBONE', 'domain': 'chinatelecom.com.cn', 'route': '119.0.0.0/15', 'type': 'isp'}",Guiyang,Guizhou,CN,"26.5833,106.7167"
103.21.117.81,"{'asn': 'AS138950', 'name': 'Jiangsu Wuxi International IDC network', 'domain': 'chinatelecom.cn', 'route': '103.21.116.0/22', 'type': 'isp'}",Nanjing,Jiangsu,CN,"32.0617,118.7778"
218.204.179.252,"{'asn': 'AS9808', 'name': 'China Mobile Communications Group Co., Ltd.', 'domain': '10086.cn', 'route': '218.204.179.0/24', 'type': 'isp'}",Shanghai,Shanghai,CN,"31.2222,121.4581"
114.117.131.102,"{'asn': 'AS45090', 'name': 'Shenzhen Tencent Computer Systems Company Limited', 'domain': 'tencent.com', 'route': '114.117.128.0/21', 'type': 'hosting'}",Beijing,Beijing,CN,"39.9075,116.3972"
8.146.241.141,"{'asn': 'AS37963', 'name': 'Hangzhou Alibaba Advertising Co.,Ltd.', 'domain': 'alibabagroup.com', 'route': '8.146.0.0/15', 'type': 'business'}",Beijing,Beijing,CN,"39.9075,116.3972"
124.127.105.25,"{'asn': 'AS4847', 'name': 'China Networks Inter-Exchange', 'domain': 'bta.net.cn', 'route': '124.127.0.0/16', 'type': 'isp'}",Beijing,Beijing,CN,"39.9075,116.3972"
185.126.2.240,"{'asn': 'AS34918', 'name': 'Pishgaman Toseeh Ertebatat Company (Private Joint Stock)', 'domain': 'pishgaman.net', 'route': '185.126.2.0/24', 'type': 'hosting'}",Shiraz,Fars,IR,"29.6103,52.5311"
185.228.169.33,"{'asn': 'AS205157', 'name': 'Daniel Cid', 'domain': 'danielselectric.com', 'route': '185.228.169.0/24', 'type': 'business'}",Temecula,California,US,"33.4936,-117.1484"
61.174.50.153,"{'asn': 'AS4134', 'name': 'CHINANET-BACKBONE', 'domain': 'chinatelecom.com.cn', 'route': '61.174.0.0/15', 'type': 'isp'}",Huzhou,Zhejiang,CN,"30.8703,120.0933"
218.97.22.142,"{'asn': 'AS10212', 'name': 'China Enterprise ICT Solutions Limited', 'domain': 'china-entercom.net', 'route': '218.97.0.0/19', 'type': 'isp'}",Shanghai,Shanghai,CN,"31.2222,121.4581"
211.95.59.182,"{'asn': 'AS17621', 'name': 'China Unicom Shanghai network', 'domain': 'chinaunicom.cn', 'route': '211.95.0.0/17', 'type': 'isp'}",Shanghai,Shanghai,CN,"31.2222,121.4581"
47.110.217.90,"{'asn': 'AS37963', 'name': 'Hangzhou Alibaba Advertising Co.,Ltd.', 'domain': 'alibabagroup.com', 'route': '47.110.0.0/16', 'type': 'business'}",Hangzhou,Zhejiang,CN,"30.2936,120.1614"
8.139.45.29,"{'asn': 'AS37963', 'name': 'Hangzhou Alibaba Advertising Co.,Ltd.', 'domain': 'alibabagroup.com', 'route': '8.139.0.0/17', 'type': 'business'}",Hangzhou,Zhejiang,CN,"30.2936,120.1614"
39.107.197.153,"{'asn': 'AS37963', 'name': 'Hangzhou Alibaba Advertising Co.,Ltd.', 'domain': 'alibabagroup.com', 'route': '39.106.0.0/15', 'type': 'business'}",Beijing,Beijing,CN,"39.9075,116.3972"
8.139.73.53,"{'asn': 'AS37963', 'name': 'Hangzhou Alibaba Advertising Co.,Ltd.', 'domain': 'alibabagroup.com', 'route': '8.139.0.0/17', 'type': 'business'}",Hangzhou,Zhejiang,CN,"30.2936,120.1614"
202.100.40.49,"{'asn': 'AS4134', 'name': 'CHINANET-BACKBONE', 'domain': 'chinatelecom.com.cn', 'route': '202.100.0.0/18', 'type': 'isp'}",Xi’an,Shaanxi,CN,"34.2583,108.9286"
61.174.62.82,"{'asn': 'AS4134', 'name': 'CHINANET-BACKBONE', 'domain': 'chinatelecom.com.cn', 'route': '61.174.0.0/15', 'type': 'isp'}",Hangzhou,Zhejiang,CN,"30.2936,120.1614"
122.114.78.252,"{'asn': 'AS4837', 'name': 'CHINA UNICOM China169 Backbone', 'domain': 'chinaunicom.cn', 'route': '122.114.0.0/16', 'type': 'isp'}",Zhengzhou,Henan,CN,"34.7578,113.6486"
43.243.130.210,"{'asn': 'AS133775', 'name': 'Xiamen', 'domain': 'chinatelecom.cn', 'route': '43.243.128.0/22', 'type': 'isp'}",Xiamen,Fujian,CN,"24.4798,118.0819"
211.152.61.162,"{'asn': 'AS4811', 'name': 'China Telecom (Group)', 'domain': 'chinatelecom.com.cn', 'route': '211.152.48.0/20', 'type': 'isp'}",Shanghai,Shanghai,CN,"31.2222,121.4581"
122.114.15.18,"{'asn': 'AS4837', 'name': 'CHINA UNICOM China169 Backbone', 'domain': 'chinaunicom.cn', 'route': '122.114.0.0/16', 'type': 'isp'}",Zhengzhou,Henan,CN,"34.7578,113.6486"
27.151.29.65,"{'asn': 'AS133774', 'name': 'Fuzhou', 'domain': 'chinatelecom.cn', 'route': '27.151.0.0/19', 'type': 'isp'}",Xiamen,Fujian,CN,"24.4798,118.0819"
202.121.99.9,"{'asn': 'AS4538', 'name': 'China Education and Research Network Center', 'domain': 'cernet.edu.cn', 'route': '202.121.0.0/16', 'type': 'education'}",Shanghai,Shanghai,CN,"31.2222,121.4581"
101.37.43.115,"{'asn': 'AS37963', 'name': 'Hangzhou Alibaba Advertising Co.,Ltd.', 'domain': 'alibabagroup.com', 'route': '101.37.0.0/17', 'type': 'business'}",Hangzhou,Zhejiang,CN,"30.2936,120.1614"
103.40.235.250,"{'asn': 'AS138950', 'name': 'Jiangsu Wuxi International IDC network', 'domain': 'chinatelecom.cn', 'route': '103.40.232.0/22', 'type': 'isp'}",Nanjing,Jiangsu,CN,"32.0617,118.7778"
116.211.148.179,"{'asn': 'AS58563', 'name': 'CHINANET Hubei province network', 'domain': 'chinatelecom.cn', 'route': '116.211.144.0/21', 'type': 'isp'}",Wuhan,Hubei,CN,"30.5833,114.2667"
61.160.233.81,"{'asn': 'AS4134', 'name': 'CHINANET-BACKBONE', 'domain': 'chinatelecom.com.cn', 'route': '61.160.0.0/16', 'type': 'isp'}",Nanjing,Jiangsu,CN,"32.0617,118.7778"
58.53.128.158,"{'asn': 'AS4134', 'name': 'CHINANET-BACKBONE', 'domain': 'chinatelecom.com.cn', 'route': '58.48.0.0/13', 'type': 'isp'}",Wuhan,Hubei,CN,"30.5833,114.2667"
223.72.140.206,"{'asn': 'AS56048', 'name': 'China Mobile Communicaitons Corporation', 'domain': 'chinamobile.com', 'route': '223.72.128.0/17', 'type': 'isp'}",Beijing,Beijing,CN,"39.9075,116.3972"
8.146.244.250,"{'asn': 'AS37963', 'name': 'Hangzhou Alibaba Advertising Co.,Ltd.', 'domain': 'alibabagroup.com', 'route': '8.146.0.0/15', 'type': 'business'}",Beijing,Beijing,CN,"39.9075,116.3972"
222.186.57.37,"{'asn': 'AS4134', 'name': 'CHINANET-BACKBONE', 'domain': 'chinatelecom.com.cn', 'route': '222.184.0.0/13', 'type': 'isp'}",Shanghai,Shanghai,CN,"31.2222,121.4581"
221.6.68.92,"{'asn': 'AS4837', 'name': 'CHINA UNICOM China169 Backbone', 'domain': 'chinaunicom.cn', 'route': '221.6.0.0/16', 'type': 'isp'}",Ningbo,Zhejiang,CN,"29.8782,121.5494"
187.249.19.86,"{'asn': 'AS32098', 'name': 'Transtelco Inc', 'domain': 'transtelco.net', 'route': '187.249.19.0/24', 'type': 'isp'}",Santiago de Querétaro,Querétaro,MX,"20.5881,-100.3881"
112.124.157.214,"{'asn': 'AS37963', 'name': 'Hangzhou Alibaba Advertising Co.,Ltd.', 'domain': 'alibabagroup.com', 'route': '112.124.0.0/14', 'type': 'business'}",Hangzhou,Zhejiang,CN,"30.2936,120.1614"
121.12.80.64,"{'asn': 'AS4134', 'name': 'CHINANET-BACKBONE', 'domain': 'chinatelecom.com.cn', 'route': '121.8.0.0/13', 'type': 'isp'}",Shenzhen,Guangdong,CN,"22.5455,114.0683"
115.155.186.9,"{'asn': 'AS4538', 'name': 'China Education and Research Network Center', 'domain': 'cernet.edu.cn', 'route': '115.155.176.0/20', 'type': 'education'}",Haidian,Beijing,CN,"39.9906,116.2887"
103.45.108.91,"{'asn': 'AS63612', 'name': 'Shenzhen Qianhai bird cloud computing Co. Ltd.', 'domain': 'cnnic.cn', 'route': '103.45.108.0/24', 'type': 'hosting'}",Zhangjiakou,Hebei,CN,"40.7834,114.8714"
8.139.52.182,"{'asn': 'AS37963', 'name': 'Hangzhou Alibaba Advertising Co.,Ltd.', 'domain': 'alibabagroup.com', 'route': '8.139.0.0/17', 'type': 'business'}",Hangzhou,Zhejiang,CN,"30.2936,120.1614"
210.16.191.84,"{'asn': 'AS4811', 'name': 'China Telecom (Group)', 'domain': 'chinatelecom.com.cn', 'route': '210.16.190.0/23', 'type': 'isp'}",Shanghai,Shanghai,CN,"31.2222,121.4581"
222.77.185.28,"{'asn': 'AS133774', 'name': 'Fuzhou', 'domain': 'chinatelecom.cn', 'route': '222.77.185.0/24', 'type': 'isp'}",Xiamen,Fujian,CN,"24.4798,118.0819"
101.202.19.214,"{'asn': 'AS17878', 'name': 'DREAMMARK1', 'domain': 'dream-mark1.co.kr', 'route': '101.202.0.0/16', 'type': 'isp'}",Seoul,Seoul,KR,"37.5660,126.9784"
113.113.81.153,"{'asn': 'AS4134', 'name': 'CHINANET-BACKBONE', 'domain': 'chinatelecom.com.cn', 'route': '113.112.0.0/13', 'type': 'isp'}",Shenzhen,Guangdong,CN,"22.5455,114.0683"
125.64.43.24,"{'asn': 'AS38283', 'name': 'CHINANET SiChuan Telecom Internet Data Center', 'domain': 'chinatelecom.cn', 'route': '125.64.43.0/24', 'type': 'hosting'}",Chengdu,Sichuan,CN,"30.6667,104.0667"
43.243.130.117,"{'asn': 'AS133775', 'name': 'Xiamen', 'domain': 'chinatelecom.cn', 'route': '43.243.128.0/22', 'type': 'isp'}",Xiamen,Fujian,CN,"24.4798,118.0819"
211.152.41.9,"{'asn': 'AS4811', 'name': 'China Telecom (Group)', 'domain': 'chinatelecom.com.cn', 'route': '211.152.40.0/21', 'type': 'isp'}",Shanghai,Shanghai,CN,"31.2222,121.4581"
181.204.154.140,"{'asn': 'AS27831', 'name': 'Colombia Móvil', 'domain': 'tigo.com.co', 'route': '181.204.0.0/14', 'type': 'isp'}",Bogotá,Bogota D.C.,CO,"4.6097,-74.0817"
94.32.119.23,"{'asn': 'AS8612', 'name': 'Tiscali Italia S.P.A.', 'domain': 'tiscali.it', 'route': '94.32.0.0/14', 'type': 'isp'}",Rome,Lazio,IT,"41.8919,12.5113"
172.64.37.183,"{'asn': 'AS13335', 'name': 'Cloudflare, Inc.', 'domain': 'cloudflare.com', 'route': '172.64.36.0/23', 'type': 'hosting'}",San Francisco,California,US,"37.7621,-122.3971"
112.29.170.79,"{'asn': 'AS9808', 'name': 'China Mobile Communications Group Co., Ltd.', 'domain': '10086.cn', 'route': '112.29.128.0/17', 'type': 'isp'}",Nanjing,Jiangsu,CN,"32.0617,118.7778"
103.124.230.212,"{'asn': 'AS17995', 'name': 'PT iForte Global Internet', 'domain': 'iforte.co.id', 'route': '103.124.230.0/23', 'type': 'isp'}",Jakarta,Jakarta,ID,"-6.2146,106.8451"
103.45.99.62,"{'asn': 'AS63612', 'name': 'Shenzhen Qianhai bird cloud computing Co. Ltd.', 'domain': 'cnnic.cn', 'route': '103.45.99.0/24', 'type': 'hosting'}",Zhangjiakou,Hebei,CN,"40.7834,114.8714"
76.76.10.140,"{'asn': 'AS398962', 'name': 'CONTROLD INC.', 'domain': 'controld.com', 'route': '76.76.10.0/24', 'type': 'isp'}",Toronto,Ontario,CA,"43.6404,-79.3995"
47.102.225.110,"{'asn': 'AS37963', 'name': 'Hangzhou Alibaba Advertising Co.,Ltd.', 'domain': 'alibabagroup.com', 'route': '47.102.0.0/15', 'type': 'business'}",Shanghai,Shanghai,CN,"31.2222,121.4581"
103.45.114.111,"{'asn': 'AS63612', 'name': 'Shenzhen Qianhai bird cloud computing Co. Ltd.', 'domain': 'cnnic.cn', 'route': '103.45.114.0/24', 'type': 'hosting'}",Zhangjiakou,Hebei,CN,"40.7834,114.8714"
47.113.22.183,"{'asn': 'AS37963', 'name': 'Hangzhou Alibaba Advertising Co.,Ltd.', 'domain': 'alibabagroup.com', 'route': '47.113.0.0/16', 'type': 'business'}",Shenzhen,Guangdong,CN,"22.5455,114.0683"
202.101.164.111,"{'asn': 'AS4134', 'name': 'CHINANET-BACKBONE', 'domain': 'chinatelecom.com.cn', 'route': '202.101.160.0/19', 'type': 'isp'}",Hangzhou,Zhejiang,CN,"30.2936,120.1614"
45.125.56.172,"{'asn': 'AS139007', 'name': 'UNICOM InnerMongolia province network', 'domain': 'hh.nm.cn', 'route': '45.125.56.0/24', 'type': 'isp'}",Beijing,Beijing,CN,"39.9075,116.3972"
185.228.170.20,"{'asn': 'AS205157', 'name': 'Daniel Cid', 'domain': 'danielselectric.com', 'route': '185.228.170.0/24', 'type': 'business'}",Temecula,California,US,"33.4936,-117.1484"
223.5.179.99,"{'asn': 'AS37963', 'name': 'Hangzhou Alibaba Advertising Co.,Ltd.', 'domain': 'alibabagroup.com', 'route': '223.4.0.0/15', 'type': 'business'}",Hangzhou,Zhejiang,CN,"30.2936,120.1614"
8.139.51.144,"{'asn': 'AS37963', 'name': 'Hangzhou Alibaba Advertising Co.,Ltd.', 'domain': 'alibabagroup.com', 'route': '8.139.0.0/17', 'type': 'business'}",Hangzhou,Zhejiang,CN,"30.2936,120.1614"
118.112.17.249,"{'asn': 'AS38283', 'name': 'CHINANET SiChuan Telecom Internet Data Center', 'domain': 'chinatelecom.cn', 'route': '118.112.17.0/24', 'type': 'hosting'}",Chengdu,Sichuan,CN,"30.6667,104.0667"
211.152.48.126,"{'asn': 'AS4811', 'name': 'China Telecom (Group)', 'domain': 'chinatelecom.com.cn', 'route': '211.152.48.0/20', 'type': 'isp'}",Shanghai,Shanghai,CN,"31.2222,121.4581"
130.185.78.153,"{'asn': 'AS60631', 'name': 'Pars Parva System LLC', 'domain': 'parspack.com', 'route': '130.185.78.0/24', 'type': 'hosting'}",Shiraz,Fars,IR,"29.6103,52.5311"
211.155.24.140,"{'asn': 'AS134773', 'name': 'CHINANET Guangdong province Guangzhou MAN network', 'domain': 'chinatelecom.cn', 'route': '211.155.24.0/21', 'type': 'gov'}",Guangzhou,Guangdong,CN,"23.1167,113.2500"
112.253.11.24,"{'asn': 'AS4837', 'name': 'CHINA UNICOM China169 Backbone', 'domain': 'chinaunicom.cn', 'route': '112.224.0.0/11', 'type': 'isp'}",Qingdao,Shandong,CN,"36.0649,120.3804"
212.93.108.61,"{'asn': 'AS24921', 'name': 'Latvijas Mobilais Telefons SIA', 'domain': 'lmt.lv', 'route': '212.93.108.0/23', 'type': 'isp'}",Riga,Riga,LV,"56.9460,24.1059"
119.37.2.242,"{'asn': 'AS4811', 'name': 'China Telecom (Group)', 'domain': 'chinatelecom.com.cn', 'route': '119.37.2.0/24', 'type': 'isp'}",Shanghai,Shanghai,CN,"31.2222,121.4581"
8.139.51.134,"{'asn': 'AS37963', 'name': 'Hangzhou Alibaba Advertising Co.,Ltd.', 'domain': 'alibabagroup.com', 'route': '8.139.0.0/17', 'type': 'business'}",Hangzhou,Zhejiang,CN,"30.2936,120.1614"
103.140.80.122,"{'asn': 'AS9875', 'name': 'PT. Pasifik Satelit Nusantara', 'domain': 'psn.co.id', 'route': '103.140.80.0/23', 'type': 'isp'}",Temanggung,Central Java,ID,"-7.3192,110.1928"
210.16.191.172,"{'asn': 'AS4811', 'name': 'China Telecom (Group)', 'domain': 'chinatelecom.com.cn', 'route': '210.16.190.0/23', 'type': 'isp'}",Shanghai,Shanghai,CN,"31.2222,121.4581"
111.206.134.162,"{'asn': 'AS4808', 'name': 'China Unicom Beijing Province Network', 'domain': 'chinaunicom.cn', 'route': '111.206.128.0/18', 'type': 'isp'}",Beijing,Beijing,CN,"39.9075,116.3972"
193.134.100.76,"{'asn': 'AS43754', 'name': 'Asiatech Data Transmission company', 'domain': 'asiatech.ir', 'route': '193.134.100.0/24', 'type': 'hosting'}",Shiraz,Fars,IR,"29.6103,52.5311"
112.192.23.50,"{'asn': 'AS4837', 'name': 'CHINA UNICOM China169 Backbone', 'domain': 'chinaunicom.cn', 'route': '112.192.0.0/14', 'type': 'isp'}",Chengdu,Sichuan,CN,"30.6667,104.0667"
58.30.230.182,"{'asn': 'AS17429', 'name': 'BEIJING GEHUA CATV NETWORK CO.LTD', 'domain': 'bgctv.com.cn', 'route': '58.30.192.0/18', 'type': 'business'}",Beijing,Beijing,CN,"39.9075,116.3972"
211.152.45.20,"{'asn': 'AS4811', 'name': 'China Telecom (Group)', 'domain': 'chinatelecom.com.cn', 'route': '211.152.45.0/24', 'type': 'isp'}",Shanghai,Shanghai,CN,"31.2222,121.4581"
115.155.179.111,"{'asn': 'AS4538', 'name': 'China Education and Research Network Center', 'domain': 'cernet.edu.cn', 'route': '115.155.176.0/20', 'type': 'education'}",Haidian,Beijing,CN,"39.9906,116.2887"
218.65.178.153,"{'asn': 'AS137693', 'name': 'CHINATELECOM Guangxi Nanning IDC networkdescr: Nanning , Guangxi Province, P.R.China.', 'domain': '189.cn', 'route': '218.65.176.0/22', 'type': 'isp'}",Nanning,Guangxi,CN,"22.8167,108.3167"
176.97.56.12,"{'asn': 'AS197738', 'name': 'PP ""Zastava Plus""', 'domain': 'zastava.net.ua', 'route': '176.97.56.0/21', 'type': 'isp'}",Odesa,Odessa,UA,"46.4857,30.7438"
103.45.154.103,"{'asn': 'AS63612', 'name': 'Shenzhen Qianhai bird cloud computing Co. Ltd.', 'domain': 'cnnic.cn', 'route': '103.45.154.0/24', 'type': 'hosting'}",Zhangjiakou,Hebei,CN,"40.7834,114.8714"
211.86.1.183,"{'asn': 'AS4538', 'name': 'China Education and Research Network Center', 'domain': 'cernet.edu.cn', 'route': '211.86.0.0/21', 'type': 'education'}",Haidian,Beijing,CN,"39.9906,116.2887"
113.141.187.7,"{'asn': 'AS134768', 'name': 'CHINANET SHAANXI province Cloud Base network', 'domain': 'chinatelecom.cn', 'route': '113.141.160.0/19', 'type': 'isp'}",Xi’an,Shaanxi,CN,"34.2583,108.9286"
27.36.125.151,"{'asn': 'AS136959', 'name': 'China Unicom Guangdong IP network', 'domain': 'chinaunicom.cn', 'route': '27.36.125.0/24', 'type': 'isp'}",Foshan,Guangdong,CN,"23.0268,113.1315"
180.201.97.54,"{'asn': 'AS4538', 'name': 'China Education and Research Network Center', 'domain': 'cernet.edu.cn', 'route': '180.201.96.0/20', 'type': 'education'}",Haidian,Beijing,CN,"39.9906,116.2887"
8.139.62.60,"{'asn': 'AS37963', 'name': 'Hangzhou Alibaba Advertising Co.,Ltd.', 'domain': 'alibabagroup.com', 'route': '8.139.0.0/17', 'type': 'business'}",Hangzhou,Zhejiang,CN,"30.2936,120.1614"
211.152.43.101,"{'asn': 'AS4811', 'name': 'China Telecom (Group)', 'domain': 'chinatelecom.com.cn', 'route': '211.152.40.0/21', 'type': 'isp'}",Shanghai,Shanghai,CN,"31.2222,121.4581"
103.94.98.86,"{'asn': 'AS9875', 'name': 'PT. Pasifik Satelit Nusantara', 'domain': 'psn.co.id', 'route': '103.94.98.0/24', 'type': 'isp'}",Gubukjero Timuk,West Nusa Tenggara,ID,"-8.5605,116.4792"
119.0.127.178,"{'asn': 'AS4134', 'name': 'CHINANET-BACKBONE', 'domain': 'chinatelecom.com.cn', 'route': '119.0.0.0/15', 'type': 'isp'}",Guiyang,Guizhou,CN,"26.5833,106.7167"
119.23.85.207,"{'asn': 'AS37963', 'name': 'Hangzhou Alibaba Advertising Co.,Ltd.', 'domain': 'alibabagroup.com', 'route': '119.23.0.0/17', 'type': 'business'}",Shenzhen,Guangdong,CN,"22.5455,114.0683"
124.236.97.149,"{'asn': 'AS134760', 'name': 'Shijiazhuang IDC network, CHINANET Hebei province', 'domain': 'chinatelecom.cn', 'route': '124.236.0.0/17', 'type': 'isp'}",Shijiazhuang,Hebei,CN,"38.0414,114.4786"
8.146.245.4,"{'asn': 'AS37963', 'name': 'Hangzhou Alibaba Advertising Co.,Ltd.', 'domain': 'alibabagroup.com', 'route': '8.146.0.0/15', 'type': 'business'}",Beijing,Beijing,CN,"39.9075,116.3972"
101.67.12.150,"{'asn': 'AS4837', 'name': 'CHINA UNICOM China169 Backbone', 'domain': 'chinaunicom.cn', 'route': '101.67.0.0/16', 'type': 'isp'}",Jiaxing,Zhejiang,CN,"30.7522,120.7500"
103.45.129.247,"{'asn': 'AS63612', 'name': 'Shenzhen Qianhai bird cloud computing Co. Ltd.', 'domain': 'cnnic.cn', 'route': '103.45.129.0/24', 'type': 'hosting'}",Zhangjiakou,Hebei,CN,"40.7834,114.8714"
47.96.194.43,"{'asn': 'AS37963', 'name': 'Hangzhou Alibaba Advertising Co.,Ltd.', 'domain': 'alibabagroup.com', 'route': '47.96.0.0/16', 'type': 'business'}",Hangzhou,Zhejiang,CN,"30.2936,120.1614"
8.146.175.127,"{'asn': 'AS37963', 'name': 'Hangzhou Alibaba Advertising Co.,Ltd.', 'domain': 'alibabagroup.com', 'route': '8.146.0.0/15', 'type': 'business'}",Beijing,Beijing,CN,"39.9075,116.3972"
103.59.151.214,"{'asn': 'AS4847', 'name': 'China Networks Inter-Exchange', 'domain': 'bta.net.cn', 'route': '103.59.150.0/23', 'type': 'isp'}",Beijing,Beijing,CN,"39.9075,116.3972"
115.155.182.202,"{'asn': 'AS4538', 'name': 'China Education and Research Network Center', 'domain': 'cernet.edu.cn', 'route': '115.155.176.0/20', 'type': 'education'}",Haidian,Beijing,CN,"39.9906,116.2887"
210.73.61.67,"{'asn': 'AS7497', 'name': 'Computer Network Information Center of Chinese Academy of Sciences (CNIC-CAS)', 'domain': 'cnic.cn', 'route': '210.73.61.0/24', 'type': 'education'}",Beijing,Beijing,CN,"39.9075,116.3972"
8.139.51.57,"{'asn': 'AS37963', 'name': 'Hangzhou Alibaba Advertising Co.,Ltd.', 'domain': 'alibabagroup.com', 'route': '8.139.0.0/17', 'type': 'business'}",Hangzhou,Zhejiang,CN,"30.2936,120.1614"
202.110.217.150,"{'asn': 'AS4837', 'name': 'CHINA UNICOM China169 Backbone', 'domain': 'chinaunicom.cn', 'route': '202.110.192.0/18', 'type': 'isp'}",Weihai,Shandong,CN,"37.5091,122.1136"
103.56.61.227,"{'asn': 'AS4837', 'name': 'CHINA UNICOM China169 Backbone', 'domain': 'chinaunicom.cn', 'route': '103.56.60.0/22', 'type': 'isp'}",Zhenjiang,Jiangsu,CN,"32.2109,119.4551"
124.248.69.28,"{'asn': 'AS58461', 'name': 'CT-HangZhou-IDC', 'domain': 'chinatelecom.cn', 'route': '124.248.64.0/18', 'type': 'hosting'}",Shaoxing,Zhejiang,CN,"30.0024,120.5786"
121.239.93.155,"{'asn': 'AS4134', 'name': 'CHINANET-BACKBONE', 'domain': 'chinatelecom.com.cn', 'route': '121.224.0.0/12', 'type': 'isp'}",Nanjing,Jiangsu,CN,"32.0617,118.7778"
118.184.158.38,"{'asn': 'AS23650', 'name': 'AS Number for CHINANET jiangsu province backbone', 'domain': 'rtat.net', 'route': '118.184.128.0/17', 'type': 'hosting'}",Changzhou,Jiangsu,CN,"31.7736,119.9540"
103.45.100.52,"{'asn': 'AS63612', 'name': 'Shenzhen Qianhai bird cloud computing Co. Ltd.', 'domain': 'cnnic.cn', 'route': '103.45.100.0/24', 'type': 'hosting'}",Zhangjiakou,Hebei,CN,"40.7834,114.8714"
180.201.101.226,"{'asn': 'AS4538', 'name': 'China Education and Research Network Center', 'domain': 'cernet.edu.cn', 'route': '180.201.96.0/20', 'type': 'education'}",Haidian,Beijing,CN,"39.9906,116.2887"
114.255.128.144,"{'asn': 'AS4808', 'name': 'China Unicom Beijing Province Network', 'domain': 'chinaunicom.cn', 'route': '114.255.128.0/18', 'type': 'isp'}",Beijing,Beijing,CN,"39.9075,116.3972"
8.139.74.130,"{'asn': 'AS37963', 'name': 'Hangzhou Alibaba Advertising Co.,Ltd.', 'domain': 'alibabagroup.com', 'route': '8.139.0.0/17', 'type': 'business'}",Hangzhou,Zhejiang,CN,"30.2936,120.1614"
222.186.174.90,"{'asn': 'AS4134', 'name': 'CHINANET-BACKBONE', 'domain': 'chinatelecom.com.cn', 'route': '222.184.0.0/13', 'type': 'isp'}",Shanghai,Shanghai,CN,"31.2222,121.4581"
103.138.55.178,"{'asn': 'AS9875', 'name': 'PT. Pasifik Satelit Nusantara', 'domain': 'psn.co.id', 'route': '103.138.54.0/23', 'type': 'isp'}",Gunung,East Java,ID,"-7.0148,113.5819"
115.231.8.228,"{'asn': 'AS58461', 'name': 'CT-HangZhou-IDC', 'domain': 'chinatelecom.cn', 'route': '115.231.8.0/21', 'type': 'hosting'}",Hangzhou,Zhejiang,CN,"30.2936,120.1614"
47.96.196.137,"{'asn': 'AS37963', 'name': 'Hangzhou Alibaba Advertising Co.,Ltd.', 'domain': 'alibabagroup.com', 'route': '47.96.0.0/16', 'type': 'business'}",Hangzhou,Zhejiang,CN,"30.2936,120.1614"
140.210.18.36,"{'asn': 'AS137697', 'name': 'CHINATELECOM JiangSu YangZhou IDC networkdescr: YangZhou , Jiangsu Province, P.R.China.', 'domain': 'chinatelecom.cn', 'route': '140.210.16.0/20', 'type': 'isp'}",Nanjing,Jiangsu,CN,"32.0617,118.7778"
43.254.55.187,"{'asn': 'AS138950', 'name': 'Jiangsu Wuxi International IDC network', 'domain': 'chinatelecom.cn', 'route': '43.254.52.0/22', 'type': 'isp'}",Nanjing,Jiangsu,CN,"32.0617,118.7778"
103.125.7.173,"{'asn': 'AS17995', 'name': 'PT iForte Global Internet', 'domain': 'iforte.co.id', 'route': '103.125.6.0/23', 'type': 'isp'}",Kopang Satu,West Nusa Tenggara,ID,"-8.6335,116.3517"
114.247.84.134,"{'asn': 'AS4808', 'name': 'China Unicom Beijing Province Network', 'domain': 'chinaunicom.cn', 'route': '114.247.64.0/18', 'type': 'isp'}",Beijing,Beijing,CN,"39.9075,116.3972"
103.94.206.36,"{'asn': 'AS136291', 'name': 'Madhya Pradesh State Electronics Development Corporation Ltd.', 'domain': 'mpsedc.com', 'route': '103.94.206.0/24', 'type': 'business'}",Mumbai,Maharashtra,IN,"18.9750,72.8258"
119.23.86.249,"{'asn': 'AS37963', 'name': 'Hangzhou Alibaba Advertising Co.,Ltd.', 'domain': 'alibabagroup.com', 'route': '119.23.0.0/17', 'type': 'business'}",Shenzhen,Guangdong,CN,"22.5455,114.0683"
211.152.36.161,"{'asn': 'AS4811', 'name': 'China Telecom (Group)', 'domain': 'chinatelecom.com.cn', 'route': '211.152.32.0/21', 'type': 'isp'}",Shanghai,Shanghai,CN,"31.2222,121.4581"
8.139.53.86,"{'asn': 'AS37963', 'name': 'Hangzhou Alibaba Advertising Co.,Ltd.', 'domain': 'alibabagroup.com', 'route': '8.139.0.0/17', 'type': 'business'}",Hangzhou,Zhejiang,CN,"30.2936,120.1614"
47.93.95.45,"{'asn': 'AS37963', 'name': 'Hangzhou Alibaba Advertising Co.,Ltd.', 'domain': 'alibabagroup.com', 'route': '47.92.0.0/15', 'type': 'business'}",Beijing,Beijing,CN,"39.9075,116.3972"
180.201.110.64,"{'asn': 'AS4538', 'name': 'China Education and Research Network Center', 'domain': 'cernet.edu.cn', 'route': '180.201.96.0/20', 'type': 'education'}",Haidian,Beijing,CN,"39.9906,116.2887"
59.40.185.79,"{'asn': 'AS4134', 'name': 'CHINANET-BACKBONE', 'domain': 'chinatelecom.com.cn', 'route': '59.40.0.0/15', 'type': 'isp'}",Shenzhen,Guangdong,CN,"22.5455,114.0683"
115.155.188.118,"{'asn': 'AS4538', 'name': 'China Education and Research Network Center', 'domain': 'cernet.edu.cn', 'route': '115.155.176.0/20', 'type': 'education'}",Haidian,Beijing,CN,"39.9906,116.2887"
119.0.127.206,"{'asn': 'AS4134', 'name': 'CHINANET-BACKBONE', 'domain': 'chinatelecom.com.cn', 'route': '119.0.0.0/15', 'type': 'isp'}",Guiyang,Guizhou,CN,"26.5833,106.7167"
103.45.131.244,"{'asn': 'AS63612', 'name': 'Shenzhen Qianhai bird cloud computing Co. Ltd.', 'domain': 'cnnic.cn', 'route': '103.45.131.0/24', 'type': 'hosting'}",Zhangjiakou,Hebei,CN,"40.7834,114.8714"
43.248.190.131,"{'asn': 'AS4837', 'name': 'CHINA UNICOM China169 Backbone', 'domain': 'chinaunicom.cn', 'route': '43.248.184.0/21', 'type': 'isp'}",Suqian,Jiangsu,CN,"33.9492,118.2958"
123.129.211.209,"{'asn': 'AS4837', 'name': 'CHINA UNICOM China169 Backbone', 'domain': 'chinaunicom.cn', 'route': '123.128.0.0/13', 'type': 'isp'}",Qingdao,Shandong,CN,"36.0649,120.3804"
177.229.198.26,"{'asn': 'AS262916', 'name': 'Mega Cable, S.A. de C.V.', 'domain': 'megacable.com.mx', 'route': '177.229.198.0/24', 'type': 'isp'}",Torreón,Coahuila,MX,"25.5439,-103.4190"
172.64.36.101,"{'asn': 'AS13335', 'name': 'Cloudflare, Inc.', 'domain': 'cloudflare.com', 'route': '172.64.36.0/23', 'type': 'hosting'}",San Francisco,California,US,"37.7621,-122.3971"
211.145.15.183,"{'asn': 'AS4808', 'name': 'China Unicom Beijing Province Network', 'domain': 'chinaunicom.cn', 'route': '211.145.0.0/20', 'type': 'isp'}",Beijing,Beijing,CN,"39.9075,116.3972"
211.152.47.229,"{'asn': 'AS4811', 'name': 'China Telecom (Group)', 'domain': 'chinatelecom.com.cn', 'route': '211.152.40.0/21', 'type': 'isp'}",Shanghai,Shanghai,CN,"31.2222,121.4581"
39.96.251.107,"{'asn': 'AS37963', 'name': 'Hangzhou Alibaba Advertising Co.,Ltd.', 'domain': 'alibabagroup.com', 'route': '39.96.0.0/14', 'type': 'business'}",Beijing,Beijing,CN,"39.9075,116.3972"
221.234.36.54,"{'asn': 'AS4134', 'name': 'CHINANET-BACKBONE', 'domain': 'chinatelecom.com.cn', 'route': '221.232.0.0/14', 'type': 'isp'}",Wuhan,Hubei,CN,"30.5833,114.2667"
39.96.251.39,"{'asn': 'AS37963', 'name': 'Hangzhou Alibaba Advertising Co.,Ltd.', 'domain': 'alibabagroup.com', 'route': '39.96.0.0/14', 'type': 'business'}",Beijing,Beijing,CN,"39.9075,116.3972"
103.45.100.18,"{'asn': 'AS63612', 'name': 'Shenzhen Qianhai bird cloud computing Co. Ltd.', 'domain': 'cnnic.cn', 'route': '103.45.100.0/24', 'type': 'hosting'}",Zhangjiakou,Hebei,CN,"40.7834,114.8714"
114.251.242.117,"{'asn': 'AS4808', 'name': 'China Unicom Beijing Province Network', 'domain': 'chinaunicom.cn', 'route': '114.251.192.0/18', 'type': 'isp'}",Beijing,Beijing,CN,"39.9075,116.3972"
47.93.94.77,"{'asn': 'AS37963', 'name': 'Hangzhou Alibaba Advertising Co.,Ltd.', 'domain': 'alibabagroup.com', 'route': '47.92.0.0/15', 'type': 'business'}",Beijing,Beijing,CN,"39.9075,116.3972"
